88462.28,"TECNOLOGIA,M�XICO,CIDADE DO M�XICO"
73284.305,"TECNOLOGIA,NICAR�GUA,MANAGUA"
60438.08,"M�VEIS,EL SALVADOR,SAN SALVADOR"
59716.875,"M�VEIS,NICAR�GUA,MANAGUA"
58555.62,"TECNOLOGIA,EL SALVADOR,SAN SALVADOR"
45757.457,"TECNOLOGIA,GUATEMALA,MIXCO"
45536.0,"MATERIAL DE ESCRIT�RIO,NICAR�GUA,MANAGUA"
43701.938,"TECNOLOGIA,BRASIL,S�O PAULO"
41136.598,"MATERIAL DE ESCRIT�RIO,M�XICO,CIDADE DO M�XICO"
40014.043,"M�VEIS,GUATEMALA,MIXCO"
32013.0,"M�VEIS,EL SALVADOR,SOYAPANGO"
31478.936,"TECNOLOGIA,M�XICO,LE�N"
31371.398,"MATERIAL DE ESCRIT�RIO,EL SALVADOR,SAN SALVADOR"
29347.318,"M�VEIS,BRASIL,S�O PAULO"
27641.8,"M�VEIS,CUBA,SANTIAGO DE CUBA"
26866.238,"MATERIAL DE ESCRIT�RIO,REP�BLICA DOMINICANA,SANTO DOMINGO"
25734.4,"M�VEIS,EL SALVADOR,MEJICANOS"
25161.68,"TECNOLOGIA,M�XICO,CIUDAD JU�REZ"
24794.0,"TECNOLOGIA,M�XICO,PUEBLA"
23845.69,"TECNOLOGIA,EL SALVADOR,SOYAPANGO"
23035.777,"TECNOLOGIA,GUATEMALA,VILLA NUEVA"
22450.8,"M�VEIS,CUBA,SANTA CLARA"
22168.4,"M�VEIS,NICAR�GUA,LE�N"
21902.906,"TECNOLOGIA,M�XICO,CULIAC�N"
21065.2,"MATERIAL DE ESCRIT�RIO,BRASIL,S�O PAULO"
20722.227,"TECNOLOGIA,CUBA,CAMAG�EY"
20253.2,"MATERIAL DE ESCRIT�RIO,EL SALVADOR,SOYAPANGO"
19716.0,"MATERIAL DE ESCRIT�RIO,M�XICO,MORELIA"
19219.398,"MATERIAL DE ESCRIT�RIO,CUBA,SANTIAGO DE CUBA"
19159.078,"TECNOLOGIA,M�XICO,MONTERREY"
19097.186,"TECNOLOGIA,M�XICO,COYOAC�N"
18731.299,"TECNOLOGIA,COL�MBIA,BOGOT�"
18535.76,"M�VEIS,CHILE,SANTIAGO"
18221.0,"M�VEIS,COL�MBIA,BOGOT�"
18023.377,"TECNOLOGIA,CUBA,SANTA CLARA"
17961.598,"M�VEIS,CUBA,CAMAG�EY"
17668.12,"M�VEIS,NICAR�GUA,MATAGALPA"
17247.998,"MATERIAL DE ESCRIT�RIO,GUATEMALA,MIXCO"
17189.0,"MATERIAL DE ESCRIT�RIO,M�XICO,PUEBLA"
16392.64,"M�VEIS,EL SALVADOR,APOPA"
15877.4,"M�VEIS,BRASIL,CURITIBA"
15844.202,"MATERIAL DE ESCRIT�RIO,M�XICO,CIUDAD JU�REZ"
15267.799,"M�VEIS,COL�MBIA,MEDELL�N"
14921.398,"MATERIAL DE ESCRIT�RIO,COL�MBIA,BOGOT�"
14493.668,"TECNOLOGIA,CUBA,HOLGU�N"
14341.0,"TECNOLOGIA,M�XICO,MORELIA"
14311.201,"MATERIAL DE ESCRIT�RIO,M�XICO,GUAYMAS"
14296.337,"TECNOLOGIA,M�XICO,TEPIC"
13621.024,"TECNOLOGIA,NICAR�GUA,MATAGALPA"
13459.738,"TECNOLOGIA,M�XICO,M�RIDA"
13321.702,"TECNOLOGIA,EL SALVADOR,APOPA"
13321.614,"TECNOLOGIA,CHILE,SANTIAGO"
13126.208,"TECNOLOGIA,GUATEMALA,VILLA CANALES"
12743.2,"MATERIAL DE ESCRIT�RIO,M�XICO,AZCAPOTZALCO"
12719.518,"TECNOLOGIA,M�XICO,ZAPOPAN"
12595.6,"MATERIAL DE ESCRIT�RIO,GUATEMALA,VILLA NUEVA"
12440.0,"MATERIAL DE ESCRIT�RIO,M�XICO,POZA RICA DE HIDALGO"
12419.8,"M�VEIS,TRINIDAD E TOBAGO,SAN FERNANDO"
12342.795,"TECNOLOGIA,M�XICO,CANC�N"
11969.4795,"M�VEIS,GUATEMALA,QUETZALTENANGO"
11945.0,"MATERIAL DE ESCRIT�RIO,M�XICO,GUADALAJARA"
11906.199,"M�VEIS,BRASIL,BRAS�LIA"
11857.0,"MATERIAL DE ESCRIT�RIO,COL�MBIA,MEDELL�N"
11706.012,"TECNOLOGIA,CUBA,SANTIAGO DE CUBA"
11660.199,"M�VEIS,EL SALVADOR,ILOPANGO"
11577.199,"MATERIAL DE ESCRIT�RIO,EL SALVADOR,MEJICANOS"
11502.801,"M�VEIS,EL SALVADOR,SANTA ANA"
11472.199,"MATERIAL DE ESCRIT�RIO,M�XICO,TLALNEPANTLA"
11295.739,"TECNOLOGIA,BARBADOS,BRIDGETOWN"
10931.573,"TECNOLOGIA,COL�MBIA,MEDELL�N"
10834.8,"M�VEIS,BRASIL,SANTA HELENA"
10763.801,"MATERIAL DE ESCRIT�RIO,CUBA,CAMAG�EY"
10727.71,"TECNOLOGIA,EL SALVADOR,ILOPANGO"
10708.8,"MATERIAL DE ESCRIT�RIO,GUATEMALA,PETAPA"
10658.801,"MATERIAL DE ESCRIT�RIO,EL SALVADOR,ILOPANGO"
10598.235,"TECNOLOGIA,CUBA,GUANT�NAMO"
10383.32,"M�VEIS,M�XICO,CIUDAD JU�REZ"
10355.8,"TECNOLOGIA,M�XICO,METEPEC"
10262.8,"M�VEIS,EL SALVADOR,SONSONATE"
10215.2,"M�VEIS,GUATEMALA,VILLA NUEVA"
10213.8,"MATERIAL DE ESCRIT�RIO,BRASIL,SAPUCAIA DO SUL"
9881.2,"TECNOLOGIA,BRASIL,SALTO"
9687.201,"MATERIAL DE ESCRIT�RIO,NICAR�GUA,CHINANDEGA"
9648.153,"TECNOLOGIA,NICAR�GUA,ESTEL�"
9581.2,"M�VEIS,CUBA,MANZANILLO"
9540.935,"TECNOLOGIA,TRINIDAD E TOBAGO,SAN FERNANDO"
9476.6,"MATERIAL DE ESCRIT�RIO,M�XICO,COYOAC�N"
9468.116,"TECNOLOGIA,M�XICO,NOVO LAREDO"
9391.61,"TECNOLOGIA,BRASIL,S�O GON�ALO"
9305.927,"TECNOLOGIA,NICAR�GUA,LE�N"
9284.8,"MATERIAL DE ESCRIT�RIO,GUATEMALA,ESCUINTLA"
9276.8,"MATERIAL DE ESCRIT�RIO,M�XICO,TIJUANA"
9111.355,"TECNOLOGIA,M�XICO,QUER�TARO"
9073.87,"TECNOLOGIA,M�XICO,G�MEZ PALACIO"
8971.495,"TECNOLOGIA,EL SALVADOR,MEJICANOS"
8925.2,"MATERIAL DE ESCRIT�RIO,COL�MBIA,MONTENEGRO"
8872.801,"MATERIAL DE ESCRIT�RIO,M�XICO,ZAPOPAN"
8849.2,"M�VEIS,CUBA,PINAR DEL RIO"
8843.334,"TECNOLOGIA,M�XICO,TLALNEPANTLA"
8759.399,"M�VEIS,GUATEMALA,ESCUINTLA"
8739.8,"MATERIAL DE ESCRIT�RIO,CUBA,BAYAMO"
8681.2,"M�VEIS,URUGUAI,PAYSAND�"
8656.0,"M�VEIS,BRASIL,FRANCISCO BELTR�O"
8635.12,"M�VEIS,M�XICO,TIJUANA"
8605.1875,"TECNOLOGIA,CUBA,CIEGO DE �VILA"
8417.442,"TECNOLOGIA,M�XICO,SAN LUIS POTOS�"
8373.099,"TECNOLOGIA,EQUADOR,QUITO"
8363.8,"M�VEIS,NICAR�GUA,CHINANDEGA"
8327.8,"MATERIAL DE ESCRIT�RIO,NICAR�GUA,ESTEL�"
8280.283,"TECNOLOGIA,NICAR�GUA,TIPITAPA"
8249.139,"TECNOLOGIA,CUBA,BAYAMO"
8229.4,"MATERIAL DE ESCRIT�RIO,M�XICO,SANTA CATARINA"
8222.156,"TECNOLOGIA,EL SALVADOR,SANTA ANA"
8173.1997,"M�VEIS,BARBADOS,BRIDGETOWN"
8160.1997,"M�VEIS,M�XICO,MORELIA"
8088.7993,"MATERIAL DE ESCRIT�RIO,URUGUAI,MONTEVID�U"
8080.4,"MATERIAL DE ESCRIT�RIO,CUBA,CIENFUEGOS"
8016.5996,"M�VEIS,BRASIL,SANTO ANDR�"
7951.5806,"TECNOLOGIA,CUBA,PINAR DEL RIO"
7944.3994,"TECNOLOGIA,BRASIL,MANAUS"
7938.8003,"M�VEIS,CUBA,GUANT�NAMO"
7919.828,"TECNOLOGIA,BRASIL,CURITIBA"
7802.2,"M�VEIS,CUBA,CIEGO DE �VILA"
7772.6943,"TECNOLOGIA,GUATEMALA,PETAPA"
7751.0,"MATERIAL DE ESCRIT�RIO,M�XICO,VILLAHERMOSA"
7720.2266,"TECNOLOGIA,M�XICO,TORRE�N"
7701.932,"TECNOLOGIA,CUBA,SAN JOS� DE LAS LAJAS"
7688.8,"M�VEIS,BRASIL,CASTANHAL"
7604.52,"M�VEIS,BRASIL,MACAP�"
7600.5996,"MATERIAL DE ESCRIT�RIO,CUBA,HOLGU�N"
7568.4004,"MATERIAL DE ESCRIT�RIO,M�XICO,LE�N"
7545.4316,"TECNOLOGIA,BRASIL,RIBEIR�O PRETO"
7523.1997,"M�VEIS,EQUADOR,GUAYAQUIL"
7520.4004,"MATERIAL DE ESCRIT�RIO,M�XICO,QUER�TARO"
7472.92,"TECNOLOGIA,REP�BLICA DOMINICANA,SANTA CRUZ DE BARAHONA"
7469.6,"TECNOLOGIA,BRASIL,SANTO ANDR�"
7396.9507,"TECNOLOGIA,GUATEMALA,HUEHUETENANGO"
7260.6,"M�VEIS,M�XICO,CULIAC�N"
7244.24,"M�VEIS,EL SALVADOR,ANTIGUO CUSCATL�N"
7184.7207,"M�VEIS,M�XICO,MEXICALI"
7164.2,"M�VEIS,BRASIL,IJU�"
7155.217,"TECNOLOGIA,GUATEMALA,QUETZALTENANGO"
7128.8496,"TECNOLOGIA,COL�MBIA,BARRANQUILLA"
7013.8,"MATERIAL DE ESCRIT�RIO,EL SALVADOR,APOPA"
6980.1997,"M�VEIS,GUATEMALA,CHINAUTLA"
6915.5996,"M�VEIS,BRASIL,BAYEUX"
6882.8003,"MATERIAL DE ESCRIT�RIO,M�XICO,MONTERREY"
6846.2,"M�VEIS,CUBA,BAYAMO"
6791.1997,"MATERIAL DE ESCRIT�RIO,NICAR�GUA,LE�N"
6783.2803,"TECNOLOGIA,M�XICO,TLAQUEPAQUE"
6737.587,"TECNOLOGIA,BRASIL,BRAS�LIA"
6714.8,"M�VEIS,BRASIL,MANAUS"
6708.8,"MATERIAL DE ESCRIT�RIO,M�XICO,REYNOSA"
6695.0,"M�VEIS,BRASIL,NOVA SERRANA"
6631.2397,"TECNOLOGIA,M�XICO,ORIZABA"
6629.4,"TECNOLOGIA,M�XICO,ENSENADA"
6614.1997,"MATERIAL DE ESCRIT�RIO,M�XICO,HERMOSILLO"
6579.8,"MATERIAL DE ESCRIT�RIO,CHILE,SANTIAGO"
6553.8,"MATERIAL DE ESCRIT�RIO,M�XICO,SAN PABLO DE LAS SALINAS"
6552.1997,"MATERIAL DE ESCRIT�RIO,M�XICO,CADEREYTA"
6546.9995,"MATERIAL DE ESCRIT�RIO,M�XICO,M�RIDA"
6509.04,"M�VEIS,M�XICO,ORIZABA"
6501.144,"TECNOLOGIA,NICAR�GUA,CHINANDEGA"
6484.12,"M�VEIS,M�XICO,CANC�N"
6346.1997,"M�VEIS,BRASIL,CUIAB�"
6343.6,"MATERIAL DE ESCRIT�RIO,CUBA,SAN JOS� DE LAS LAJAS"
6342.8,"MATERIAL DE ESCRIT�RIO,M�XICO,CHIHUAHUA"
6321.4287,"TECNOLOGIA,M�XICO,LOS MOCHIS"
6303.8003,"MATERIAL DE ESCRIT�RIO,CUBA,LAS TUNAS"
6299.4004,"M�VEIS,COL�MBIA,C�CUTA"
6297.8,"M�VEIS,CUBA,LAS TUNAS"
6277.4004,"MATERIAL DE ESCRIT�RIO,NICAR�GUA,MATAGALPA"
6220.2,"M�VEIS,BRASIL,TOLEDO"
6159.4404,"M�VEIS,GUATEMALA,HUEHUETENANGO"
6146.0,"M�VEIS,BRASIL,ITAJA�"
6101.8,"MATERIAL DE ESCRIT�RIO,EL SALVADOR,SANTA ANA"
6082.3604,"M�VEIS,M�XICO,GUADALAJARA"
5988.0,"M�VEIS,BRASIL,PAULISTA"
5964.8003,"MATERIAL DE ESCRIT�RIO,M�XICO,TLALPAN"
5809.7983,"TECNOLOGIA,M�XICO,CHIHUAHUA"
5804.4004,"MATERIAL DE ESCRIT�RIO,BRASIL,CURITIBA"
5776.578,"TECNOLOGIA,M�XICO,GUADALAJARA"
5730.8003,"MATERIAL DE ESCRIT�RIO,BRASIL,BAYEUX"
5716.8,"MATERIAL DE ESCRIT�RIO,GUATEMALA,VILLA CANALES"
5672.2017,"TECNOLOGIA,BRASIL,CAMPO GRANDE"
5659.8,"M�VEIS,NICAR�GUA,TIPITAPA"
5646.8,"MATERIAL DE ESCRIT�RIO,BRASIL,CHAPEC�"
5630.007,"TECNOLOGIA,M�XICO,TIJUANA"
5627.4004,"MATERIAL DE ESCRIT�RIO,M�XICO,G�MEZ PALACIO"
5607.4004,"M�VEIS,BRASIL,JOINVILLE"
5516.088,"TECNOLOGIA,GUATEMALA,CHINAUTLA"
5513.046,"TECNOLOGIA,M�XICO,CIUDAD VALLES"
5494.4214,"TECNOLOGIA,M�XICO,REYNOSA"
5384.663,"TECNOLOGIA,M�XICO,TLALPAN"
5357.627,"TECNOLOGIA,BRASIL,VALINHOS"
5357.0,"M�VEIS,JAMAICA,SPANISH TOWN"
5348.3203,"M�VEIS,M�XICO,POZA RICA DE HIDALGO"
5285.4,"MATERIAL DE ESCRIT�RIO,MARTINICA,FORT-DE-FRANCE"
5256.5996,"MATERIAL DE ESCRIT�RIO,EL SALVADOR,CUSCATANCINGO"
5253.6,"TECNOLOGIA,EL SALVADOR,CUSCATANCINGO"
5162.8,"M�VEIS,M�XICO,LOS MOCHIS"
4927.368,"TECNOLOGIA,M�XICO,CIUDAD MADERO"
4886.0,"TECNOLOGIA,M�XICO,TULANCINGO"
4863.4404,"M�VEIS,M�XICO,MONTERREY"
4838.4,"MATERIAL DE ESCRIT�RIO,M�XICO,CULIAC�N"
4747.4,"M�VEIS,MARTINICA,FORT-DE-FRANCE"
4709.0,"M�VEIS,CUBA,CONSOLACI�N DEL SUR"
4673.4,"MATERIAL DE ESCRIT�RIO,BRASIL,COLOMBO"
4628.4,"TECNOLOGIA,CHILE,RANCAGUA"
4605.2,"MATERIAL DE ESCRIT�RIO,M�XICO,CUERNAVACA"
4603.56,"M�VEIS,BRASIL,PORTO ALEGRE"
4557.0,"M�VEIS,COL�MBIA,QUIBD�"
4557.0,"M�VEIS,BRASIL,ALTAMIRA"
4517.8003,"M�VEIS,COL�MBIA,BELLO"
4475.682,"TECNOLOGIA,NICAR�GUA,MASAYA"
4461.462,"TECNOLOGIA,M�XICO,IRAPUATO"
4458.5996,"M�VEIS,EQUADOR,QUITO"
4438.6396,"M�VEIS,M�XICO,CHOLULA"
4413.0,"M�VEIS,BRASIL,TERES�POLIS"
4378.3315,"TECNOLOGIA,BRASIL,MACAP�"
4373.6,"MATERIAL DE ESCRIT�RIO,EL SALVADOR,ANTIGUO CUSCATL�N"
4357.4004,"M�VEIS,CUBA,HOLGU�N"
4288.8,"M�VEIS,BRASIL,CAXIAS DO SUL"
4287.4663,"TECNOLOGIA,CUBA,CONTRAMAESTRE"
4249.0,"MATERIAL DE ESCRIT�RIO,CUBA,NUEVA GERONA"
4244.8003,"MATERIAL DE ESCRIT�RIO,CHILE,CHILL�N"
4238.2,"MATERIAL DE ESCRIT�RIO,NICAR�GUA,MASAYA"
4238.0,"MATERIAL DE ESCRIT�RIO,M�XICO,CIUDAD ACU�A"
4220.8,"MATERIAL DE ESCRIT�RIO,M�XICO,TOLUCA"
4189.6,"M�VEIS,CUBA,SANCTI SP�RITUS"
4184.6167,"TECNOLOGIA,BRASIL,RECIFE"
4178.5996,"MATERIAL DE ESCRIT�RIO,CUBA,PINAR DEL RIO"
4171.5996,"MATERIAL DE ESCRIT�RIO,M�XICO,TLAQUEPAQUE"
4161.1196,"M�VEIS,M�XICO,M�RIDA"
4118.3354,"TECNOLOGIA,M�XICO,JIUTEPEC"
4108.76,"M�VEIS,M�XICO,COACALCO"
4087.5205,"TECNOLOGIA,CUBA,LAS TUNAS"
4067.0,"M�VEIS,BRASIL,RECIFE"
4054.128,"TECNOLOGIA,CUBA,CIENFUEGOS"
4053.2,"TECNOLOGIA,BOL�VIA,SANTA CRUZ DE LA SIERRA"
4034.0,"M�VEIS,BOL�VIA,SUCRE"
4031.6003,"M�VEIS,M�XICO,REYNOSA"
4008.0,"TECNOLOGIA,BRASIL,MACEI�"
3989.4292,"TECNOLOGIA,M�XICO,TOLUCA"
3986.8,"M�VEIS,BRASIL,DUQUE DE CAXIAS"
3923.585,"TECNOLOGIA,EL SALVADOR,SONSONATE"
3908.0,"TECNOLOGIA,BRASIL,CRICI�MA"
3877.8,"MATERIAL DE ESCRIT�RIO,M�XICO,TORRE�N"
3865.864,"TECNOLOGIA,COL�MBIA,BUCARAMANGA"
3833.5205,"TECNOLOGIA,M�XICO,ATLIXCO"
3830.66,"TECNOLOGIA,BRASIL,SANTANA DE PARNA�BA"
3824.3264,"TECNOLOGIA,M�XICO,GUASAVE"
3824.0393,"M�VEIS,M�XICO,CIDADE DO M�XICO"
3806.6,"M�VEIS,CUBA,ARTEMISA"
3799.0,"MATERIAL DE ESCRIT�RIO,M�XICO,MEXICALI"
3797.4,"MATERIAL DE ESCRIT�RIO,M�XICO,SALAMANCA"
3792.881,"TECNOLOGIA,EL SALVADOR,ANTIGUO CUSCATL�N"
3778.4,"MATERIAL DE ESCRIT�RIO,GUATEMALA,CHIMALTENANGO"
3777.9058,"TECNOLOGIA,M�XICO,NICOL�S ROMERO"
3739.0,"M�VEIS,M�XICO,COYOAC�N"
3708.8,"M�VEIS,CUBA,CIENFUEGOS"
3700.8193,"TECNOLOGIA,BRASIL,BETIM"
3692.0728,"TECNOLOGIA,M�XICO,MONCLOVA"
3688.2002,"M�VEIS,BRASIL,FEIRA DE SANTANA"
3650.3203,"MATERIAL DE ESCRIT�RIO,REP�BLICA DOMINICANA,SANTIAGO DE LOS CABALLEROS"
3641.56,"M�VEIS,M�XICO,QUER�TARO"
3638.1316,"TECNOLOGIA,BRASIL,NOVO GAMA"
3634.0,"MATERIAL DE ESCRIT�RIO,GUATEMALA,CHINAUTLA"
3622.88,"M�VEIS,GUATEMALA,PETAPA"
3599.88,"M�VEIS,M�XICO,SAN LUIS POTOS�"
3582.5342,"TECNOLOGIA,CHILE,TALCAHUANO"
3560.6,"M�VEIS,COL�MBIA,SOACHA"
3553.2002,"MATERIAL DE ESCRIT�RIO,NICAR�GUA,GRANADA"
3548.0,"MATERIAL DE ESCRIT�RIO,BRASIL,GOI�NIA"
3520.0,"TECNOLOGIA,BOL�VIA,COCHABAMBA"
3515.271,"TECNOLOGIA,M�XICO,DURANGO"
3504.0,"MATERIAL DE ESCRIT�RIO,BRASIL,BRAS�LIA"
3500.7505,"TECNOLOGIA,BRASIL,PELOTAS"
3498.6,"M�VEIS,BRASIL,IBI�NA"
3494.0764,"TECNOLOGIA,M�XICO,AZCAPOTZALCO"
3437.7998,"MATERIAL DE ESCRIT�RIO,BRASIL,ITAJA�"
3435.0,"M�VEIS,CUBA,MATANZAS"
3428.0,"MATERIAL DE ESCRIT�RIO,BRASIL,TAUBAT�"
3402.4033,"TECNOLOGIA,CHILE,ANTOFAGASTA"
3398.4,"MATERIAL DE ESCRIT�RIO,BRASIL,RECIFE"
3379.9165,"TECNOLOGIA,BRASIL,GASPAR"
3378.0,"M�VEIS,NICAR�GUA,ESTEL�"
3361.0396,"MATERIAL DE ESCRIT�RIO,REP�BLICA DOMINICANA,SAN JUAN DE LA MAGUANA"
3353.2002,"TECNOLOGIA,CHILE,PUENTE ALTO"
3279.004,"TECNOLOGIA,BRASIL,AMERICANA"
3268.8,"M�VEIS,GUADALUPE,LES ABYMES"
3258.96,"M�VEIS,NICAR�GUA,MASAYA"
3232.2,"MATERIAL DE ESCRIT�RIO,CUBA,MANZANILLO"
3187.6,"MATERIAL DE ESCRIT�RIO,GUATEMALA,HUEHUETENANGO"
3145.5999,"M�VEIS,BRASIL,JUIZ DE FORA"
3137.729,"TECNOLOGIA,BRASIL,MAU�"
3124.4976,"TECNOLOGIA,BRASIL,UBERABA"
3120.4592,"TECNOLOGIA,M�XICO,MIGUEL HIDALGO"
3105.4,"M�VEIS,COL�MBIA,BARRANQUILLA"
3073.2,"MATERIAL DE ESCRIT�RIO,M�XICO,JIUTEPEC"
3059.6338,"TECNOLOGIA,CUBA,MANZANILLO"
3043.0215,"TECNOLOGIA,M�XICO,TEHUAC�N"
3041.0,"MATERIAL DE ESCRIT�RIO,TRINIDAD E TOBAGO,CHAGUANAS"
3032.4001,"MATERIAL DE ESCRIT�RIO,CUBA,SANTA CLARA"
3014.4,"M�VEIS,BRASIL,ARAGUA�NA"
3010.6,"TECNOLOGIA,M�XICO,CIUDAD HIDALGO"
3002.3381,"TECNOLOGIA,CUBA,SANCTI SP�RITUS"
2958.8,"TECNOLOGIA,BRASIL,NITER�I"
2948.1997,"MATERIAL DE ESCRIT�RIO,M�XICO,NICOL�S ROMERO"
2944.4,"MATERIAL DE ESCRIT�RIO,COL�MBIA,IBAGU�"
2934.2,"M�VEIS,BRASIL,TUP�"
2934.0,"TECNOLOGIA,BRASIL,BARRA MANSA"
2931.7998,"MATERIAL DE ESCRIT�RIO,M�XICO,SALTILLO"
2911.4,"MATERIAL DE ESCRIT�RIO,CUBA,CONTRAMAESTRE"
2907.2002,"MATERIAL DE ESCRIT�RIO,BRASIL,MARING�"
2891.1997,"MATERIAL DE ESCRIT�RIO,M�XICO,COACALCO"
2885.4,"MATERIAL DE ESCRIT�RIO,BRASIL,MANAUS"
2867.0,"MATERIAL DE ESCRIT�RIO,M�XICO,ORIZABA"
2863.4001,"MATERIAL DE ESCRIT�RIO,NICAR�GUA,TIPITAPA"
2843.6,"MATERIAL DE ESCRIT�RIO,GUATEMALA,QUETZALTENANGO"
2815.32,"TECNOLOGIA,BRASIL,PARANAGU�"
2811.8154,"TECNOLOGIA,CUBA,ARTEMISA"
2803.04,"M�VEIS,M�XICO,LE�N"
2773.2,"MATERIAL DE ESCRIT�RIO,CUBA,GUANT�NAMO"
2767.2,"TECNOLOGIA,M�XICO,C�RDOBA"
2764.0,"TECNOLOGIA,BOL�VIA,POTOS�"
2755.2002,"TECNOLOGIA,BRASIL,PA�O DO LUMIAR"
2740.4,"M�VEIS,BRASIL,VALINHOS"
2736.2,"TECNOLOGIA,BRASIL,GOI�NIA"
2727.2,"TECNOLOGIA,BRASIL,CASTANHAL"
2724.2,"MATERIAL DE ESCRIT�RIO,M�XICO,CIUDAD VICTORIA"
2697.0,"M�VEIS,M�XICO,CUERNAVACA"
2690.082,"TECNOLOGIA,GUATEMALA,CHIMALTENANGO"
2688.8,"MATERIAL DE ESCRIT�RIO,BRASIL,VALPARA�SO DE GOI�S"
2686.4,"MATERIAL DE ESCRIT�RIO,BRASIL,CABO DE SANTO AGOSTINHO"
2683.912,"TECNOLOGIA,M�XICO,CELAYA"
2681.4,"M�VEIS,JAMAICA,PORTMORE"
2669.2,"MATERIAL DE ESCRIT�RIO,BRASIL,GUARULHOS"
2643.1997,"MATERIAL DE ESCRIT�RIO,M�XICO,CANC�N"
2639.0,"M�VEIS,BRASIL,FORTALEZA"
2636.9111,"TECNOLOGIA,GUATEMALA,ESCUINTLA"
2627.52,"M�VEIS,BRASIL,LIMEIRA"
2595.7998,"TECNOLOGIA,CUBA,NUEVA GERONA"
2595.644,"TECNOLOGIA,BRASIL,CABO DE SANTO AGOSTINHO"
2581.04,"M�VEIS,M�XICO,C�RDOBA"
2579.6553,"TECNOLOGIA,M�XICO,MANZANILLO"
2574.2,"MATERIAL DE ESCRIT�RIO,BRASIL,CAUCAIA"
2570.4,"MATERIAL DE ESCRIT�RIO,M�XICO,IXTAPALUCA"
2550.4,"M�VEIS,BRASIL,COTIA"
2548.4001,"TECNOLOGIA,M�XICO,HERMOSILLO"
2542.0,"MATERIAL DE ESCRIT�RIO,M�XICO,IRAPUATO"
2535.8,"TECNOLOGIA,CHILE,PUNTA ARENAS"
2529.0,"MATERIAL DE ESCRIT�RIO,BARBADOS,BRIDGETOWN"
2523.1997,"MATERIAL DE ESCRIT�RIO,M�XICO,CELAYA"
2516.668,"TECNOLOGIA,BRASIL,CABO FRIO"
2483.8,"TECNOLOGIA,M�XICO,APODACA"
2478.2,"MATERIAL DE ESCRIT�RIO,M�XICO,MILPA ALTA"
2464.8,"M�VEIS,BRASIL,PATROC�NIO"
2462.4,"MATERIAL DE ESCRIT�RIO,BRASIL,VALINHOS"
2459.0,"MATERIAL DE ESCRIT�RIO,M�XICO,SAN LUIS POTOS�"
2451.4,"TECNOLOGIA,M�XICO,MILPA ALTA"
2439.0,"M�VEIS,CUBA,CONTRAMAESTRE"
2427.8694,"TECNOLOGIA,BRASIL,NATAL"
2409.52,"M�VEIS,M�XICO,MIGUEL HIDALGO"
2380.4,"M�VEIS,COL�MBIA,DUITAMA"
2371.6,"TECNOLOGIA,BRASIL,CAUCAIA"
2364.8584,"TECNOLOGIA,JAMAICA,PORTMORE"
2356.2,"M�VEIS,BRASIL,FRANCA"
2347.0,"MATERIAL DE ESCRIT�RIO,COL�MBIA,BUCARAMANGA"
2339.4,"TECNOLOGIA,M�XICO,GENERAL ESCOBEDO"
2329.0,"M�VEIS,BRASIL,MACEI�"
2325.1072,"TECNOLOGIA,BRASIL,FORTALEZA"
2299.2002,"MATERIAL DE ESCRIT�RIO,M�XICO,TEPIC"
2292.0,"M�VEIS,CUBA,SAN JOS� DE LAS LAJAS"
2280.0,"TECNOLOGIA,M�XICO,SALINA CRUZ"
2280.0,"M�VEIS,GUATEMALA,CHIMALTENANGO"
2260.0,"MATERIAL DE ESCRIT�RIO,EL SALVADOR,SAN MART�N"
2259.0,"MATERIAL DE ESCRIT�RIO,M�XICO,CIUDAD OBREG�N"
2190.9202,"M�VEIS,M�XICO,CIUDAD OBREG�N"
2152.6804,"MATERIAL DE ESCRIT�RIO,REP�BLICA DOMINICANA,LA ROMANA"
2142.0,"M�VEIS,COL�MBIA,BUCARAMANGA"
2115.0,"M�VEIS,BRASIL,AN�POLIS"
2103.6,"M�VEIS,BRASIL,MARING�"
2097.4,"MATERIAL DE ESCRIT�RIO,M�XICO,SAN CRIST�BAL DE LAS CASAS"
2092.0,"TECNOLOGIA,M�XICO,PUERTO VALLARTA"
2091.8,"MATERIAL DE ESCRIT�RIO,BRASIL,VIT�RIA"
2091.2,"M�VEIS,BRASIL,CAUCAIA"
2055.6,"M�VEIS,COL�MBIA,PIEDECUESTA"
2045.7999,"TECNOLOGIA,M�XICO,SAN CRIST�BAL DE LAS CASAS"
2041.3999,"M�VEIS,CUBA,PALMA SORIANO"
2033.4,"MATERIAL DE ESCRIT�RIO,BOL�VIA,ORURO"
2021.6,"M�VEIS,COL�MBIA,DOS QUEBRADAS"
2016.7999,"MATERIAL DE ESCRIT�RIO,CUBA,CONSOLACI�N DEL SUR"
2000.4,"MATERIAL DE ESCRIT�RIO,BRASIL,ITAMARAJU"
1999.8002,"M�VEIS,M�XICO,TECOM�N"
1984.7999,"TECNOLOGIA,URUGUAI,MONTEVID�U"
1984.7737,"TECNOLOGIA,BRASIL,BOA VISTA"
1981.5537,"TECNOLOGIA,REP�BLICA DOMINICANA,SAN PEDRO DE MACOR�S"
1981.5144,"TECNOLOGIA,BRASIL,JACARE�"
1972.8,"MATERIAL DE ESCRIT�RIO,COL�MBIA,C�CUTA"
1961.6,"MATERIAL DE ESCRIT�RIO,CHILE,VI�A DEL MAR"
1959.0511,"TECNOLOGIA,CUBA,C�RDENAS"
1953.6001,"MATERIAL DE ESCRIT�RIO,M�XICO,LOS MOCHIS"
1947.2,"M�VEIS,BRASIL,LORENA"
1940.6,"MATERIAL DE ESCRIT�RIO,M�XICO,TUXTLA GUTI�RREZ"
1936.6001,"MATERIAL DE ESCRIT�RIO,M�XICO,CUAJIMALPA"
1935.6001,"MATERIAL DE ESCRIT�RIO,BRASIL,SANTA ROSA"
1935.6,"MATERIAL DE ESCRIT�RIO,BRASIL,BETIM"
1935.2001,"MATERIAL DE ESCRIT�RIO,CHILE,RANCAGUA"
1932.1604,"M�VEIS,M�XICO,SALTILLO"
1930.2001,"MATERIAL DE ESCRIT�RIO,EL SALVADOR,DELGADO"
1925.0144,"TECNOLOGIA,BRASIL,GRAVATA�"
1922.2001,"M�VEIS,BRASIL,GOI�NIA"
1914.24,"M�VEIS,REP�BLICA DOMINICANA,MOCA"
1913.6,"TECNOLOGIA,BRASIL,IBIRIT�"
1909.2,"MATERIAL DE ESCRIT�RIO,CHILE,VILLA ALEMANA"
1907.9536,"TECNOLOGIA,M�XICO,GUANAJUATO"
1901.8,"MATERIAL DE ESCRIT�RIO,CUBA,SANCTI SP�RITUS"
1889.0,"MATERIAL DE ESCRIT�RIO,JAMAICA,SPANISH TOWN"
1884.4,"MATERIAL DE ESCRIT�RIO,COL�MBIA,PIEDECUESTA"
1879.6001,"MATERIAL DE ESCRIT�RIO,CUBA,MATANZAS"
1875.4543,"TECNOLOGIA,M�XICO,CIUDAD OBREG�N"
1870.4,"M�VEIS,BRASIL,DIVIN�POLIS"
1859.8,"MATERIAL DE ESCRIT�RIO,EL SALVADOR,SONSONATE"
1857.6,"M�VEIS,COL�MBIA,ARAUCA"
1853.2001,"MATERIAL DE ESCRIT�RIO,BRASIL,MACEI�"
1852.4504,"TECNOLOGIA,TRINIDAD E TOBAGO,CHAGUANAS"
1835.5056,"TECNOLOGIA,BRASIL,FEIRA DE SANTANA"
1824.4,"MATERIAL DE ESCRIT�RIO,BRASIL,JO�O PESSOA"
1817.4,"M�VEIS,BRASIL,BARREIRAS"
1815.214,"TECNOLOGIA,BRASIL,S�O LEOPOLDO"
1802.4,"TECNOLOGIA,COL�MBIA,SOACHA"
1799.4,"M�VEIS,GUATEMALA,VILLA CANALES"
1788.0,"M�VEIS,EL SALVADOR,CUSCATANCINGO"
1785.4272,"TECNOLOGIA,M�XICO,CAMPECHE"
1778.4799,"M�VEIS,M�XICO,TLAQUEPAQUE"
1777.904,"TECNOLOGIA,BRASIL,COLOMBO"
1777.0,"M�VEIS,COL�MBIA,IBAGU�"
1774.4752,"TECNOLOGIA,BRASIL,CAJAZEIRAS"
1771.9575,"TECNOLOGIA,BRASIL,ORIXIMIN�"
1771.2,"MATERIAL DE ESCRIT�RIO,COL�MBIA,BARRANQUILLA"
1765.8652,"TECNOLOGIA,M�XICO,MEXICALI"
1755.2,"TECNOLOGIA,BRASIL,SUMAR�"
1749.0,"MATERIAL DE ESCRIT�RIO,CUBA,ARTEMISA"
1741.6001,"M�VEIS,BRASIL,CAMPO GRANDE"
1736.2,"MATERIAL DE ESCRIT�RIO,BRASIL,LIMEIRA"
1725.96,"M�VEIS,M�XICO,SAN JUAN DEL R�O"
1717.8,"M�VEIS,BRASIL,S�O BERNARDO DO CAMPO"
1709.92,"M�VEIS,BRASIL,JO�O PESSOA"
1708.1328,"TECNOLOGIA,BRASIL,JO�O PESSOA"
1698.6001,"MATERIAL DE ESCRIT�RIO,BRASIL,SUMAR�"
1688.6,"TECNOLOGIA,M�XICO,CUAUTITL�N"
1675.4,"M�VEIS,BRASIL,GUARULHOS"
1659.8184,"TECNOLOGIA,BRASIL,PAULISTA"
1659.6001,"M�VEIS,BRASIL,RIO BRANCO"
1654.2,"TECNOLOGIA,M�XICO,VILLAHERMOSA"
1651.88,"M�VEIS,M�XICO,MANZANILLO"
1640.4,"TECNOLOGIA,COL�MBIA,IBAGU�"
1636.704,"TECNOLOGIA,COL�MBIA,NEIVA"
1636.0801,"M�VEIS,M�XICO,PUEBLA"
1629.4,"M�VEIS,BRASIL,CABO DE SANTO AGOSTINHO"
1628.4232,"TECNOLOGIA,COL�MBIA,C�CUTA"
1627.2,"TECNOLOGIA,BRASIL,JA�"
1616.1552,"TECNOLOGIA,M�XICO,PIEDRAS NEGRAS"
1602.3564,"TECNOLOGIA,BRASIL,TERESINA"
1593.7999,"MATERIAL DE ESCRIT�RIO,BRASIL,OSASCO"
1588.2001,"M�VEIS,BRASIL,RIBEIR�O PRETO"
1587.2144,"TECNOLOGIA,BRASIL,S�O LU�S"
1585.0,"MATERIAL DE ESCRIT�RIO,BRASIL,S�O GON�ALO"
1576.7516,"TECNOLOGIA,COL�MBIA,MANIZALES"
1561.6,"TECNOLOGIA,BRASIL,PRESIDENTE PRUDENTE"
1558.4,"MATERIAL DE ESCRIT�RIO,M�XICO,HEROICA ZIT�CUARO"
1556.2,"MATERIAL DE ESCRIT�RIO,GUATEMALA,AMATITL�N"
1554.3999,"MATERIAL DE ESCRIT�RIO,BRASIL,BAG�"
1543.8,"MATERIAL DE ESCRIT�RIO,M�XICO,C�RDOBA"
1541.0,"MATERIAL DE ESCRIT�RIO,BRASIL,SANTOS"
1539.0,"TECNOLOGIA,BRASIL,RESENDE"
1533.7202,"MATERIAL DE ESCRIT�RIO,REP�BLICA DOMINICANA,SAN PEDRO DE MACOR�S"
1514.4204,"TECNOLOGIA,M�XICO,CUERNAVACA"
1513.6,"M�VEIS,M�XICO,ENSENADA"
1501.0001,"MATERIAL DE ESCRIT�RIO,COL�MBIA,ARAUCA"
1496.4,"TECNOLOGIA,BRASIL,ARACAJU"
1491.2,"TECNOLOGIA,BRASIL,PINHEIRO"
1485.0,"TECNOLOGIA,M�XICO,CHILPANCINGO"
1483.2,"MATERIAL DE ESCRIT�RIO,CUBA,PUERTO PADRE"
1472.4384,"TECNOLOGIA,M�XICO,CHETUMAL"
1470.2001,"MATERIAL DE ESCRIT�RIO,M�XICO,NOVO LAREDO"
1459.0,"MATERIAL DE ESCRIT�RIO,CUBA,C�RDENAS"
1450.0,"M�VEIS,BRASIL,CAMB�"
1449.0,"M�VEIS,BRASIL,IBIRIT�"
1442.3999,"M�VEIS,BRASIL,PASSOS"
1435.2,"M�VEIS,URUGUAI,LAS PIEDRAS"
1432.0,"MATERIAL DE ESCRIT�RIO,M�XICO,SAN FRANCISCO DEL RINC�N"
1427.8,"MATERIAL DE ESCRIT�RIO,CUBA,PALMA SORIANO"
1414.0,"M�VEIS,COL�MBIA,FLORIDABLANCA"
1406.4292,"TECNOLOGIA,EL SALVADOR,DELGADO"
1401.6,"TECNOLOGIA,M�XICO,GARZA GARC�A"
1399.8,"M�VEIS,BRASIL,LEN��IS PAULISTA"
1394.1998,"MATERIAL DE ESCRIT�RIO,COL�MBIA,MANIZALES"
1380.8,"M�VEIS,CHILE,OSORNO"
1377.6,"M�VEIS,GUATEMALA,AMATITL�N"
1375.4,"MATERIAL DE ESCRIT�RIO,JAMAICA,PORTMORE"
1366.3999,"MATERIAL DE ESCRIT�RIO,COL�MBIA,OCA�A"
1355.2,"MATERIAL DE ESCRIT�RIO,EQUADOR,QUITO"
1344.3999,"TECNOLOGIA,CUBA,PALMA SORIANO"
1341.8401,"M�VEIS,BRASIL,CRUZ DAS ALMAS"
1340.6,"M�VEIS,BRASIL,JUAZEIRO"
1339.0,"MATERIAL DE ESCRIT�RIO,BRASIL,PAULISTA"
1336.0,"M�VEIS,BRASIL,PRESIDENTE PRUDENTE"
1325.0,"M�VEIS,BRASIL,BOA ESPERAN�A"
1323.48,"M�VEIS,M�XICO,SAN FRANCISCO DEL RINC�N"
1319.2,"M�VEIS,BRASIL,BIRIGUI"
1308.4001,"MATERIAL DE ESCRIT�RIO,M�XICO,TAMPICO"
1303.8,"M�VEIS,CUBA,PUERTO PADRE"
1301.2,"M�VEIS,BRASIL,VIT�RIA"
1299.2001,"M�VEIS,CUBA,C�RDENAS"
1298.4,"M�VEIS,BRASIL,SOROCABA"
1298.0,"TECNOLOGIA,BRASIL,CONSELHEIRO LAFAIETE"
1282.096,"TECNOLOGIA,BRASIL,MONTES CLAROS"
1278.8,"MATERIAL DE ESCRIT�RIO,CUBA,CIEGO DE �VILA"
1274.3224,"TECNOLOGIA,BRASIL,MOSSOR�"
1273.8,"M�VEIS,BRASIL,AMERICANA"
1239.6,"M�VEIS,BRASIL,SAPUCAIA DO SUL"
1231.6,"M�VEIS,BRASIL,S�O JOS� DOS CAMPOS"
1229.322,"TECNOLOGIA,M�XICO,SANTA CATARINA"
1217.4,"TECNOLOGIA,BRASIL,CAXIAS DO SUL"
1216.7712,"TECNOLOGIA,NICAR�GUA,GRANADA"
1209.8,"MATERIAL DE ESCRIT�RIO,TRINIDAD E TOBAGO,SAN FERNANDO"
1208.2,"M�VEIS,BRASIL,NATAL"
1202.2112,"TECNOLOGIA,REP�BLICA DOMINICANA,BAJOS DE HAINA"
1194.7999,"M�VEIS,M�XICO,SAN CRIST�BAL DE LAS CASAS"
1193.7999,"MATERIAL DE ESCRIT�RIO,M�XICO,GUASAVE"
1180.2001,"M�VEIS,BOL�VIA,LA PAZ"
1173.6001,"MATERIAL DE ESCRIT�RIO,M�XICO,MIGUEL HIDALGO"
1157.4,"MATERIAL DE ESCRIT�RIO,M�XICO,CIUDAD MADERO"
1156.3552,"TECNOLOGIA,M�XICO,TUXTLA GUTI�RREZ"
1148.0,"M�VEIS,M�XICO,SAN ANDR�S TUXTLA"
1141.7999,"MATERIAL DE ESCRIT�RIO,BRASIL,ARAGUA�NA"
1131.6,"MATERIAL DE ESCRIT�RIO,BRASIL,CASSIL�NDIA"
1131.2,"M�VEIS,BRASIL,S�O PEDRO DA ALDEIA"
1127.6,"TECNOLOGIA,EL SALVADOR,SAN MART�N"
1123.2,"M�VEIS,BRASIL,S�O LU�S"
1121.0,"M�VEIS,BRASIL,BETIM"
1120.4,"MATERIAL DE ESCRIT�RIO,BRASIL,SOROCABA"
1109.6,"TECNOLOGIA,BRASIL,FARROUPILHA"
1109.3103,"TECNOLOGIA,MARTINICA,FORT-DE-FRANCE"
1101.2,"MATERIAL DE ESCRIT�RIO,BRASIL,PRESIDENTE PRUDENTE"
1098.6,"M�VEIS,COL�MBIA,CARTAGENA"
1097.3999,"M�VEIS,BRASIL,ARA�ATUBA"
1094.8,"MATERIAL DE ESCRIT�RIO,BRASIL,ARACAJU"
1090.4,"TECNOLOGIA,BRASIL,JOINVILLE"
1089.878,"TECNOLOGIA,BRASIL,LIMEIRA"
1089.8002,"MATERIAL DE ESCRIT�RIO,BRASIL,GUANAMBI"
1088.24,"TECNOLOGIA,BRASIL,ITA�NA"
1074.8,"M�VEIS,COL�MBIA,MANIZALES"
1066.7999,"MATERIAL DE ESCRIT�RIO,M�XICO,COLIMA"
1062.0,"M�VEIS,BRASIL,ORIXIMIN�"
1062.0,"M�VEIS,BRASIL,CHAPEC�"
1060.8744,"TECNOLOGIA,BRASIL,ALTAMIRA"
1058.0,"MATERIAL DE ESCRIT�RIO,BRASIL,PETR�POLIS"
1057.0,"M�VEIS,BRASIL,ITAPEVI"
1051.4528,"TECNOLOGIA,CUBA,PUERTO PADRE"
1032.8268,"TECNOLOGIA,COL�MBIA,FLORENCIA"
1032.8268,"TECNOLOGIA,M�XICO,POZA RICA DE HIDALGO"
1031.8,"MATERIAL DE ESCRIT�RIO,BRASIL,CASTANHAL"
1026.504,"TECNOLOGIA,BRASIL,NOVA SERRANA"
1018.0,"TECNOLOGIA,BRASIL,VESPASIANO"
1006.2,"TECNOLOGIA,M�XICO,CIUDAD GUZM�N"
999.4,"MATERIAL DE ESCRIT�RIO,M�XICO,SOLEDAD D�EZ GUTI�RREZ"
996.0,"MATERIAL DE ESCRIT�RIO,BRASIL,GUARATINGUET�"
987.2001,"M�VEIS,BRASIL,SERRA"
982.8,"TECNOLOGIA,PARAGUAI,FERNANDO DE LA MORA"
979.0,"MATERIAL DE ESCRIT�RIO,BRASIL,UBERABA"
975.6,"M�VEIS,BOL�VIA,POTOS�"
973.4,"TECNOLOGIA,M�XICO,IXTAPALUCA"
971.99994,"MATERIAL DE ESCRIT�RIO,EQUADOR,GUAYAQUIL"
965.9364,"TECNOLOGIA,M�XICO,CUAJIMALPA"
952.5936,"TECNOLOGIA,M�XICO,ACAYUCAN"
950.2,"MATERIAL DE ESCRIT�RIO,BRASIL,JUIZ DE FORA"
948.0,"MATERIAL DE ESCRIT�RIO,COL�MBIA,LOS PATIOS"
946.01196,"TECNOLOGIA,M�XICO,SAN ANDR�S TUXTLA"
938.8,"M�VEIS,BRASIL,CRICI�MA"
935.2,"MATERIAL DE ESCRIT�RIO,BRASIL,TATU�"
934.63995,"M�VEIS,M�XICO,CHETUMAL"
930.2576,"TECNOLOGIA,BRASIL,CONTAGEM"
925.0,"MATERIAL DE ESCRIT�RIO,M�XICO,MANZANILLO"
922.60004,"MATERIAL DE ESCRIT�RIO,BRASIL,BIRIGUI"
920.4,"MATERIAL DE ESCRIT�RIO,CHILE,PUENTE ALTO"
916.104,"TECNOLOGIA,BRASIL,JUREMA"
909.4,"MATERIAL DE ESCRIT�RIO,M�XICO,DURANGO"
907.6,"MATERIAL DE ESCRIT�RIO,M�XICO,CHILPANCINGO"
905.6401,"M�VEIS,M�XICO,TUXTLA GUTI�RREZ"
896.0,"MATERIAL DE ESCRIT�RIO,BRASIL,TERESINA"
894.04,"M�VEIS,M�XICO,COLIMA"
893.4,"MATERIAL DE ESCRIT�RIO,BRASIL,CA�ADOR"
893.2,"MATERIAL DE ESCRIT�RIO,BRASIL,LAJEADO"
892.4,"M�VEIS,BRASIL,ARACAJU"
891.4,"MATERIAL DE ESCRIT�RIO,BOL�VIA,SANTA CRUZ DE LA SIERRA"
888.8,"M�VEIS,CHILE,COPIAP�"
888.2472,"TECNOLOGIA,M�XICO,SALTILLO"
887.0,"M�VEIS,CHILE,VALPARA�SO"
880.0,"TECNOLOGIA,M�XICO,SAN PABLO DE LAS SALINAS"
877.296,"TECNOLOGIA,BRASIL,BARBACENA"
871.8,"TECNOLOGIA,BRASIL,GRAJA�"
871.2001,"MATERIAL DE ESCRIT�RIO,BRASIL,ITU"
867.2664,"TECNOLOGIA,M�XICO,IGUALA DE LA INDEPENDENCIA"
866.8,"M�VEIS,BRASIL,RESENDE"
860.2,"TECNOLOGIA,M�XICO,TAMPICO"
856.7999,"MATERIAL DE ESCRIT�RIO,BRASIL,SANTAR�M"
856.0,"MATERIAL DE ESCRIT�RIO,CUBA,MOA"
851.0,"M�VEIS,PARAGUAI,SAN LORENZO"
846.8,"MATERIAL DE ESCRIT�RIO,COL�MBIA,IPIALES"
844.2,"TECNOLOGIA,CHILE,ARICA"
841.8,"MATERIAL DE ESCRIT�RIO,CHILE,PUERTO MONTT"
829.2816,"TECNOLOGIA,REP�BLICA DOMINICANA,LA ROMANA"
823.8,"MATERIAL DE ESCRIT�RIO,COL�MBIA,PEREIRA"
821.6,"M�VEIS,PARAGUAI,ASSUN��O"
821.6,"M�VEIS,BRASIL,UMUARAMA"
812.72003,"MATERIAL DE ESCRIT�RIO,REP�BLICA DOMINICANA,SAN FRANCISCO DE MACOR�S"
810.6,"M�VEIS,M�XICO,ZAPOPAN"
810.0,"M�VEIS,BRASIL,CRUZEIRO"
806.5256,"TECNOLOGIA,BRASIL,JOS� BONIF�CIO"
806.0,"MATERIAL DE ESCRIT�RIO,M�XICO,HUIXQUILUCAN"
804.19995,"MATERIAL DE ESCRIT�RIO,BRASIL,CANOAS"
803.80005,"MATERIAL DE ESCRIT�RIO,M�XICO,APODACA"
798.80005,"MATERIAL DE ESCRIT�RIO,BRASIL,ANANINDEUA"
796.8,"TECNOLOGIA,COL�MBIA,GIR�N"
795.7464,"TECNOLOGIA,COL�MBIA,VALLEDUPAR"
795.0,"M�VEIS,BRASIL,SANTA CRUZ DO SUL"
790.0,"M�VEIS,BRASIL,SANTA ROSA"
784.3956,"TECNOLOGIA,CHILE,LA PINTANA"
781.0,"M�VEIS,CHILE,TALCAHUANO"
778.8,"MATERIAL DE ESCRIT�RIO,BRASIL,PENEDO"
776.4,"MATERIAL DE ESCRIT�RIO,COL�MBIA,CARTAGENA"
767.8,"MATERIAL DE ESCRIT�RIO,M�XICO,FRESNILLO DE GONZ�LEZ ECHEVERR�A"
763.6401,"M�VEIS,M�XICO,IRAPUATO"
758.4,"MATERIAL DE ESCRIT�RIO,BRASIL,JOINVILLE"
754.0,"TECNOLOGIA,GUADALUPE,LES ABYMES"
740.6,"TECNOLOGIA,COL�MBIA,DOS QUEBRADAS"
739.2,"TECNOLOGIA,M�XICO,L�ZARO C�RDENAS"
739.19995,"MATERIAL DE ESCRIT�RIO,GUADALUPE,LES ABYMES"
738.4,"M�VEIS,BOL�VIA,TRINIDAD"
731.0,"M�VEIS,BRASIL,GRAJA�"
730.8,"TECNOLOGIA,BRASIL,SOROCABA"
727.4,"M�VEIS,EL SALVADOR,SAN MART�N"
725.6,"TECNOLOGIA,BRASIL,DIADEMA"
725.4,"M�VEIS,BRASIL,ITAPECERICA DA SERRA"
721.71234,"TECNOLOGIA,M�XICO,COLIMA"
721.19995,"TECNOLOGIA,BRASIL,CHAPEC�"
714.6,"M�VEIS,TRINIDAD E TOBAGO,CHAGUANAS"
710.3924,"TECNOLOGIA,CUBA,CONSOLACI�N DEL SUR"
707.80005,"M�VEIS,BRASIL,S�O GON�ALO"
706.92004,"M�VEIS,M�XICO,VERACRUZ"
705.8,"MATERIAL DE ESCRIT�RIO,BRASIL,ORIXIMIN�"
702.6,"MATERIAL DE ESCRIT�RIO,COL�MBIA,SOLEDAD"
698.0,"TECNOLOGIA,BRASIL,PINDAMONHANGABA"
698.0,"TECNOLOGIA,EQUADOR,CUENCA"
697.8,"MATERIAL DE ESCRIT�RIO,BRASIL,PORTO ALEGRE"
692.0,"MATERIAL DE ESCRIT�RIO,M�XICO,ROSARITO"
689.8,"MATERIAL DE ESCRIT�RIO,BRASIL,S�O BERNARDO DO CAMPO"
686.1968,"TECNOLOGIA,M�XICO,CIUDAD DEL CARMEN"
678.0,"MATERIAL DE ESCRIT�RIO,M�XICO,TEHUAC�N"
677.4,"M�VEIS,BRASIL,SANTOS"
677.0,"MATERIAL DE ESCRIT�RIO,BRASIL,ALTAMIRA"
674.88,"M�VEIS,M�XICO,CIUDAD DEL CARMEN"
673.2,"TECNOLOGIA,BRASIL,BRAGAN�A PAULISTA"
671.0,"MATERIAL DE ESCRIT�RIO,M�XICO,MIRAMAR"
670.8,"TECNOLOGIA,CUBA,MOA"
667.8,"MATERIAL DE ESCRIT�RIO,BRASIL,NATAL"
667.5924,"TECNOLOGIA,M�XICO,CIUDAD VICTORIA"
666.8,"MATERIAL DE ESCRIT�RIO,BRASIL,CAJAZEIRAS"
664.0,"M�VEIS,EL SALVADOR,DELGADO"
656.0,"TECNOLOGIA,BRASIL,GUARULHOS"
655.80005,"MATERIAL DE ESCRIT�RIO,BRASIL,MONTES CLAROS"
651.8,"MATERIAL DE ESCRIT�RIO,COL�MBIA,SANTA MARTA"
650.4,"M�VEIS,BRASIL,TERESINA"
648.4,"MATERIAL DE ESCRIT�RIO,COL�MBIA,CARTAGO"
647.8,"MATERIAL DE ESCRIT�RIO,M�XICO,ZACATECAS"
637.2064,"TECNOLOGIA,BRASIL,TERES�POLIS"
634.2,"M�VEIS,BRASIL,ITA�NA"
630.2,"MATERIAL DE ESCRIT�RIO,BRASIL,FEIRA DE SANTANA"
629.2836,"TECNOLOGIA,BRASIL,CRUZEIRO"
627.2,"TECNOLOGIA,M�XICO,MIRAMAR"
623.92,"M�VEIS,EQUADOR,PORTOVIEJO"
618.48,"M�VEIS,M�XICO,FRONTERA"
618.2,"MATERIAL DE ESCRIT�RIO,CHILE,IQUIQUE"
618.0,"MATERIAL DE ESCRIT�RIO,BRASIL,GASPAR"
610.736,"TECNOLOGIA,BRASIL,S�O PEDRO DA ALDEIA"
608.0,"MATERIAL DE ESCRIT�RIO,M�XICO,CAMPECHE"
607.2,"TECNOLOGIA,M�XICO,PROGRESO"
607.0,"MATERIAL DE ESCRIT�RIO,M�XICO,MATEHUALA"
606.6,"MATERIAL DE ESCRIT�RIO,PARAGUAI,ASSUN��O"
605.0,"MATERIAL DE ESCRIT�RIO,COL�MBIA,DOS QUEBRADAS"
604.0,"TECNOLOGIA,M�XICO,CIUDAD ACU�A"
600.0,"M�VEIS,COL�MBIA,MONTENEGRO"
598.8,"TECNOLOGIA,COL�MBIA,PEREIRA"
598.4,"MATERIAL DE ESCRIT�RIO,COL�MBIA,PASTO"
597.2,"M�VEIS,BRASIL,FRANCISCO MORATO"
595.0,"TECNOLOGIA,BRASIL,SANTOS"
593.0792,"TECNOLOGIA,COL�MBIA,CARTAGENA"
589.2,"M�VEIS,COL�MBIA,FLORENCIA"
585.6,"MATERIAL DE ESCRIT�RIO,BRASIL,ITAPEVI"
584.80005,"MATERIAL DE ESCRIT�RIO,COL�MBIA,ARM�NIA"
584.0,"MATERIAL DE ESCRIT�RIO,EQUADOR,CUENCA"
583.2,"M�VEIS,BRASIL,PASSO FUNDO"
582.2752,"TECNOLOGIA,M�XICO,COACALCO"
580.4,"M�VEIS,BRASIL,VACARIA"
571.5616,"TECNOLOGIA,COL�MBIA,SANTA MARTA"
569.2448,"TECNOLOGIA,GUATEMALA,AMATITL�N"
568.4,"TECNOLOGIA,BRASIL,SANTAR�M"
564.0,"TECNOLOGIA,BRASIL,VALPARA�SO DE GOI�S"
560.8,"MATERIAL DE ESCRIT�RIO,M�XICO,GARZA GARC�A"
544.6,"MATERIAL DE ESCRIT�RIO,M�XICO,MONCLOVA"
544.0,"MATERIAL DE ESCRIT�RIO,BRASIL,NOVA SERRANA"
542.8,"MATERIAL DE ESCRIT�RIO,M�XICO,SAN JUAN DEL R�O"
541.6,"MATERIAL DE ESCRIT�RIO,BRASIL,JEQUI�"
540.4,"MATERIAL DE ESCRIT�RIO,M�XICO,CIUDAD GUZM�N"
540.0,"TECNOLOGIA,EQUADOR,GUAYAQUIL"
528.0,"TECNOLOGIA,BRASIL,BAYEUX"
527.0,"MATERIAL DE ESCRIT�RIO,M�XICO,SAN LUIS R�O COLORADO"
525.2,"MATERIAL DE ESCRIT�RIO,BRASIL,NOVO GAMA"
523.6,"TECNOLOGIA,BRASIL,S�O BERNARDO DO CAMPO"
521.0,"MATERIAL DE ESCRIT�RIO,M�XICO,ZIHUATANEJO"
520.4,"MATERIAL DE ESCRIT�RIO,BRASIL,PASSO FUNDO"
520.4,"M�VEIS,BRASIL,BARRA MANSA"
517.8,"MATERIAL DE ESCRIT�RIO,M�XICO,GENERAL ESCOBEDO"
516.4,"MATERIAL DE ESCRIT�RIO,M�XICO,SAN ANDR�S TUXTLA"
516.2,"MATERIAL DE ESCRIT�RIO,M�XICO,CIUDAD VALLES"
509.6,"MATERIAL DE ESCRIT�RIO,BRASIL,ROL�NDIA"
508.2,"MATERIAL DE ESCRIT�RIO,BRASIL,ARIQUEMES"
506.40002,"TECNOLOGIA,M�XICO,CHOLULA"
503.4,"MATERIAL DE ESCRIT�RIO,BRASIL,MACAP�"
499.8,"M�VEIS,BRASIL,NAVEGANTES"
499.2,"TECNOLOGIA,BRASIL,BOA ESPERAN�A"
497.6,"TECNOLOGIA,M�XICO,TEZIUTL�N"
494.2,"TECNOLOGIA,M�XICO,SAN JUAN DEL R�O"
492.8,"TECNOLOGIA,COL�MBIA,OCA�A"
492.40002,"MATERIAL DE ESCRIT�RIO,BOL�VIA,COCHABAMBA"
492.16,"M�VEIS,BRASIL,ANANINDEUA"
491.2,"M�VEIS,BRASIL,GRAVAT�"
490.0,"MATERIAL DE ESCRIT�RIO,CHILE,VALPARA�SO"
483.4,"MATERIAL DE ESCRIT�RIO,M�XICO,IGUALA DE LA INDEPENDENCIA"
482.8592,"TECNOLOGIA,COL�MBIA,QUIBD�"
482.0,"M�VEIS,BRASIL,MOSSOR�"
480.40002,"MATERIAL DE ESCRIT�RIO,M�XICO,VILLA FRONTERA"
480.0,"MATERIAL DE ESCRIT�RIO,M�XICO,CIUDAD HIDALGO"
478.6,"M�VEIS,BRASIL,NOVO GAMA"
478.12,"M�VEIS,M�XICO,CIUDAD ACU�A"
477.6,"TECNOLOGIA,COL�MBIA,CI�NAGA"
473.88,"M�VEIS,M�XICO,CIUDAD MADERO"
467.6,"M�VEIS,BRASIL,GUARUJ�"
464.4,"M�VEIS,CUBA,NUEVA GERONA"
462.4,"MATERIAL DE ESCRIT�RIO,BRASIL,BARRA DO PIRA�"
460.2,"MATERIAL DE ESCRIT�RIO,BRASIL,PELOTAS"
456.4,"M�VEIS,BRASIL,ERECHIM"
453.0,"MATERIAL DE ESCRIT�RIO,BRASIL,S�O LU�S"
452.4,"MATERIAL DE ESCRIT�RIO,BRASIL,CARAGUATATUBA"
450.88,"M�VEIS,M�XICO,NICOL�S ROMERO"
449.4,"MATERIAL DE ESCRIT�RIO,BRASIL,SOUSA"
447.8,"MATERIAL DE ESCRIT�RIO,COL�MBIA,DUITAMA"
446.0,"M�VEIS,BRASIL,MONTES CLAROS"
445.3012,"TECNOLOGIA,BRASIL,GUANAMBI"
444.0,"TECNOLOGIA,BRASIL,PETR�POLIS"
442.4,"MATERIAL DE ESCRIT�RIO,EQUADOR,SANTO DOMINGO DE LOS COLORADOS"
441.6,"M�VEIS,BRASIL,APUCARANA"
440.8,"MATERIAL DE ESCRIT�RIO,BRASIL,SANTO ANDR�"
439.59998,"MATERIAL DE ESCRIT�RIO,BRASIL,SIM�ES FILHO"
438.4,"TECNOLOGIA,M�XICO,SOLEDAD D�EZ GUTI�RREZ"
436.9512,"TECNOLOGIA,BRASIL,FLORIANO"
436.0,"MATERIAL DE ESCRIT�RIO,BRASIL,S�O LEOPOLDO"
429.80002,"MATERIAL DE ESCRIT�RIO,BRASIL,IBI�NA"
429.59998,"MATERIAL DE ESCRIT�RIO,BRASIL,JUNDIA�"
428.6,"MATERIAL DE ESCRIT�RIO,BRASIL,LONDRINA"
424.0,"MATERIAL DE ESCRIT�RIO,BRASIL,BOA ESPERAN�A"
422.4,"M�VEIS,COL�MBIA,VALLEDUPAR"
420.2,"TECNOLOGIA,BRASIL,SERRA"
419.99997,"MATERIAL DE ESCRIT�RIO,M�XICO,METEPEC"
418.6,"MATERIAL DE ESCRIT�RIO,COL�MBIA,SOACHA"
418.0,"MATERIAL DE ESCRIT�RIO,COL�MBIA,FLORENCIA"
416.4,"M�VEIS,BRASIL,JA�"
416.0,"MATERIAL DE ESCRIT�RIO,BRASIL,FORTALEZA"
412.2,"TECNOLOGIA,BRASIL,ITAJA�"
412.2,"TECNOLOGIA,CHILE,LO PRADO"
412.2,"MATERIAL DE ESCRIT�RIO,M�XICO,PROGRESO"
412.0,"MATERIAL DE ESCRIT�RIO,M�XICO,SILAO"
410.40002,"MATERIAL DE ESCRIT�RIO,BRASIL,�GUAS LINDAS DE GOI�S"
406.4,"TECNOLOGIA,BRASIL,TABO�O DA SERRA"
403.2,"MATERIAL DE ESCRIT�RIO,BRASIL,FRANCA"
402.8,"MATERIAL DE ESCRIT�RIO,BRASIL,RESENDE"
398.0,"TECNOLOGIA,M�XICO,COATZACOALCOS"
397.2,"MATERIAL DE ESCRIT�RIO,BRASIL,BARRA MANSA"
390.8752,"TECNOLOGIA,PARAGUAI,SAN LORENZO"
390.6,"TECNOLOGIA,BRASIL,BENTO GON�ALVES"
389.4,"MATERIAL DE ESCRIT�RIO,BRASIL,LINS"
384.8,"MATERIAL DE ESCRIT�RIO,M�XICO,COATZACOALCOS"
383.6,"MATERIAL DE ESCRIT�RIO,BRASIL,BRAGAN�A PAULISTA"
382.08,"TECNOLOGIA,ARGENTINA,SANTIAGO DEL ESTERO"
378.59998,"MATERIAL DE ESCRIT�RIO,BRASIL,GRAJA�"
378.0,"MATERIAL DE ESCRIT�RIO,BOL�VIA,POTOS�"
370.0,"MATERIAL DE ESCRIT�RIO,BRASIL,CAMA�ARI"
369.3048,"TECNOLOGIA,EQUADOR,QUEVEDO"
369.2,"MATERIAL DE ESCRIT�RIO,M�XICO,FRONTERA"
367.0,"MATERIAL DE ESCRIT�RIO,BRASIL,BALNE�RIO CAMBORI�"
366.2,"MATERIAL DE ESCRIT�RIO,BRASIL,CONSELHEIRO LAFAIETE"
365.0,"TECNOLOGIA,BRASIL,LINS"
359.4,"MATERIAL DE ESCRIT�RIO,BRASIL,ITA�NA"
359.248,"TECNOLOGIA,M�XICO,ROSARITO"
354.6,"MATERIAL DE ESCRIT�RIO,BRASIL,POUSO ALEGRE"
354.6,"MATERIAL DE ESCRIT�RIO,BRASIL,PRAIA GRANDE"
352.4,"MATERIAL DE ESCRIT�RIO,BRASIL,RIBEIR�O PRETO"
349.324,"TECNOLOGIA,BRASIL,PORTO ALEGRE"
348.8,"MATERIAL DE ESCRIT�RIO,BRASIL,FRANCISCO BELTR�O"
347.2,"M�VEIS,BRASIL,ARAUC�RIA"
345.6,"MATERIAL DE ESCRIT�RIO,BRASIL,PINDAMONHANGABA"
341.6,"MATERIAL DE ESCRIT�RIO,BRASIL,EUN�POLIS"
338.2,"MATERIAL DE ESCRIT�RIO,CHILE,LOS �NGELES"
329.40002,"MATERIAL DE ESCRIT�RIO,M�XICO,TEMIXCO"
327.6,"TECNOLOGIA,BRASIL,ARCOVERDE"
327.6,"M�VEIS,BRASIL,CUBAT�O"
327.6,"M�VEIS,BRASIL,CA�ADOR"
326.4,"MATERIAL DE ESCRIT�RIO,BRASIL,SANTANA DE PARNA�BA"
325.8,"TECNOLOGIA,BRASIL,FRANCISCO MORATO"
321.2,"MATERIAL DE ESCRIT�RIO,M�XICO,PUERTO VALLARTA"
321.2,"MATERIAL DE ESCRIT�RIO,M�XICO,ENSENADA"
318.6,"M�VEIS,BRASIL,URUGUAIANA"
317.8,"TECNOLOGIA,M�XICO,ZACATECAS"
316.2,"MATERIAL DE ESCRIT�RIO,M�XICO,CIUDAD DEL CARMEN"
315.2,"MATERIAL DE ESCRIT�RIO,CHILE,TALCAHUANO"
315.2,"MATERIAL DE ESCRIT�RIO,BRASIL,DIADEMA"
313.2,"TECNOLOGIA,BRASIL,IPATINGA"
312.8,"M�VEIS,BOL�VIA,SANTA CRUZ DE LA SIERRA"
312.2,"M�VEIS,CHILE,SAN BERNARDO"
310.0,"MATERIAL DE ESCRIT�RIO,CUBA,MOR�N"
306.8,"M�VEIS,BRASIL,CATANDUVA"
304.4,"MATERIAL DE ESCRIT�RIO,M�XICO,PIEDRAS NEGRAS"
304.0469,"TECNOLOGIA,REP�BLICA DOMINICANA,SAN FRANCISCO DE MACOR�S"
302.6,"MATERIAL DE ESCRIT�RIO,BRASIL,CAMPO GRANDE"
301.4,"MATERIAL DE ESCRIT�RIO,BRASIL,VOTUPORANGA"
300.8,"M�VEIS,COL�MBIA,SOGAMOSO"
297.4,"M�VEIS,BRASIL,BALNE�RIO CAMBORI�"
296.8,"TECNOLOGIA,BRASIL,CAMA�ARI"
296.0,"M�VEIS,BRASIL,ITAPECURU MIRIM"
295.2,"MATERIAL DE ESCRIT�RIO,BRASIL,JOS� BONIF�CIO"
294.2,"M�VEIS,BRASIL,S�O BENEDITO"
293.86,"TECNOLOGIA,COL�MBIA,DUITAMA"
292.8,"MATERIAL DE ESCRIT�RIO,M�XICO,TECOM�N"
292.2,"TECNOLOGIA,BRASIL,SOBRAL"
288.4,"MATERIAL DE ESCRIT�RIO,BRASIL,ITAPETININGA"
284.2,"MATERIAL DE ESCRIT�RIO,BRASIL,TABO�O DA SERRA"
283.8,"MATERIAL DE ESCRIT�RIO,BRASIL,ARA�ATUBA"
283.2,"MATERIAL DE ESCRIT�RIO,BRASIL,URUGUAIANA"
279.2,"MATERIAL DE ESCRIT�RIO,M�XICO,SAHUAYO DE JOS� MAR�A MORELOS"
279.0,"TECNOLOGIA,M�XICO,LAGOS DE MORENO"
278.8,"MATERIAL DE ESCRIT�RIO,BRASIL,JACARE�"
274.8,"M�VEIS,BRASIL,ILH�US"
274.8,"M�VEIS,COL�MBIA,NEIVA"
274.6,"MATERIAL DE ESCRIT�RIO,COL�MBIA,MOSQUERA"
274.4,"MATERIAL DE ESCRIT�RIO,BRASIL,LORENA"
272.0,"TECNOLOGIA,COL�MBIA,SOLEDAD"
268.4,"MATERIAL DE ESCRIT�RIO,BRASIL,CRUZEIRO DO SUL"
268.2,"MATERIAL DE ESCRIT�RIO,BRASIL,UBERL�NDIA"
268.0,"MATERIAL DE ESCRIT�RIO,BRASIL,TIANGU�"
267.6,"MATERIAL DE ESCRIT�RIO,BRASIL,JUAZEIRO"
265.0,"TECNOLOGIA,M�XICO,VERACRUZ"
261.6,"MATERIAL DE ESCRIT�RIO,COL�MBIA,PALMIRA"
260.8,"MATERIAL DE ESCRIT�RIO,BRASIL,COTIA"
260.4,"TECNOLOGIA,PARAGUAI,LAMBAR�"
258.6,"TECNOLOGIA,BRASIL,ANDRADINA"
258.0,"M�VEIS,BRASIL,BOA VISTA"
258.0,"MATERIAL DE ESCRIT�RIO,BRASIL,MANACAPURU"
257.8,"MATERIAL DE ESCRIT�RIO,COL�MBIA,FACATATIV�"
254.6,"TECNOLOGIA,JAMAICA,SPANISH TOWN"
254.20001,"MATERIAL DE ESCRIT�RIO,BRASIL,SINOP"
253.4,"MATERIAL DE ESCRIT�RIO,BOL�VIA,LA PAZ"
250.40001,"MATERIAL DE ESCRIT�RIO,BRASIL,S�O VICENTE"
249.6,"MATERIAL DE ESCRIT�RIO,M�XICO,IZ�CAR DE MATAMOROS"
249.6,"M�VEIS,BRASIL,INDAIATUBA"
249.6,"MATERIAL DE ESCRIT�RIO,BRASIL,RIO GRANDE"
247.6,"MATERIAL DE ESCRIT�RIO,BRASIL,ARAPONGAS"
245.80002,"MATERIAL DE ESCRIT�RIO,BRASIL,VESPASIANO"
245.6,"M�VEIS,CHILE,RANCAGUA"
242.79999,"MATERIAL DE ESCRIT�RIO,BRASIL,ARACATI"
242.2,"MATERIAL DE ESCRIT�RIO,CHILE,OSORNO"
241.4,"M�VEIS,BRASIL,JOS� BONIF�CIO"
236.0,"MATERIAL DE ESCRIT�RIO,BRASIL,TUP�"
234.0,"MATERIAL DE ESCRIT�RIO,BRASIL,APUCARANA"
232.8,"MATERIAL DE ESCRIT�RIO,M�XICO,LA PAZ"
232.8,"TECNOLOGIA,BRASIL,GARANHUNS"
227.4,"TECNOLOGIA,BRASIL,BARUERI"
226.8,"M�VEIS,COL�MBIA,APARTAD�"
226.8,"M�VEIS,EQUADOR,CUENCA"
223.4,"MATERIAL DE ESCRIT�RIO,M�XICO,TAPACHULA"
221.7012,"TECNOLOGIA,COL�MBIA,ARAUCA"
220.4,"MATERIAL DE ESCRIT�RIO,M�XICO,ATLIXCO"
219.8,"MATERIAL DE ESCRIT�RIO,BOL�VIA,TRINIDAD"
218.4,"TECNOLOGIA,BRASIL,JUIZ DE FORA"
218.4,"MATERIAL DE ESCRIT�RIO,BRASIL,AMERICANA"
218.08,"TECNOLOGIA,ARGENTINA,MAR DEL PLATA"
215.2,"MATERIAL DE ESCRIT�RIO,COL�MBIA,VILLAVICENCIO"
214.4,"TECNOLOGIA,BRASIL,BIRIGUI"
213.0,"MATERIAL DE ESCRIT�RIO,BRASIL,NOVO CRUZEIRO"
212.4,"M�VEIS,COL�MBIA,PALMIRA"
211.2,"MATERIAL DE ESCRIT�RIO,BRASIL,ARAPIRACA"
206.8,"TECNOLOGIA,BOL�VIA,YACUIBA"
205.2,"MATERIAL DE ESCRIT�RIO,BRASIL,PARANAGU�"
203.0,"MATERIAL DE ESCRIT�RIO,COL�MBIA,PITALITO"
200.0,"TECNOLOGIA,M�XICO,SALAMANCA"
199.2,"MATERIAL DE ESCRIT�RIO,BOL�VIA,SUCRE"
197.4,"MATERIAL DE ESCRIT�RIO,BRASIL,CAMARAGIBE"
195.2,"MATERIAL DE ESCRIT�RIO,BRASIL,MOCOCA"
192.8,"M�VEIS,NICAR�GUA,GRANADA"
192.32,"M�VEIS,M�XICO,TAMPICO"
192.0,"M�VEIS,BRASIL,PINHEIRO"
192.0,"M�VEIS,BRASIL,ITAITUBA"
191.3312,"TECNOLOGIA,VENEZUELA,MATUR�N"
188.8,"M�VEIS,BRASIL,ARIQUEMES"
185.6,"M�VEIS,COL�MBIA,MALAMBO"
184.6,"M�VEIS,CHILE,VI�A DEL MAR"
183.92,"M�VEIS,VENEZUELA,GUANARE"
182.4,"MATERIAL DE ESCRIT�RIO,BRASIL,CARAPICU�BA"
181.2,"MATERIAL DE ESCRIT�RIO,COL�MBIA,NEIVA"
180.4752,"TECNOLOGIA,BRASIL,UMUARAMA"
180.4,"MATERIAL DE ESCRIT�RIO,BRASIL,VACARIA"
178.95999,"M�VEIS,M�XICO,ZIHUATANEJO"
178.4,"M�VEIS,BRASIL,V�RZEA GRANDE"
177.6,"TECNOLOGIA,BRASIL,PARACATU"
176.8,"TECNOLOGIA,BRASIL,PO�OS DE CALDAS"
176.0,"MATERIAL DE ESCRIT�RIO,COL�MBIA,APARTAD�"
172.0832,"TECNOLOGIA,BRASIL,VILHENA"
171.36,"TECNOLOGIA,VENEZUELA,CIUDAD BOL�VAR"
170.4,"M�VEIS,M�XICO,LINARES"
169.6,"MATERIAL DE ESCRIT�RIO,BRASIL,BOA VISTA"
169.56,"TECNOLOGIA,ARGENTINA,NEUQU�N"
168.0,"MATERIAL DE ESCRIT�RIO,BRASIL,IBIRIT�"
167.8,"MATERIAL DE ESCRIT�RIO,M�XICO,APATZING�N DE LA CONSTITUCI�N"
166.79999,"MATERIAL DE ESCRIT�RIO,M�XICO,GUANAJUATO"
166.0,"MATERIAL DE ESCRIT�RIO,URUGUAI,RIVERA"
165.2,"MATERIAL DE ESCRIT�RIO,BRASIL,CUIAB�"
165.0,"MATERIAL DE ESCRIT�RIO,BRASIL,GARANHUNS"
164.2,"MATERIAL DE ESCRIT�RIO,CHILE,ANTOFAGASTA"
162.0,"M�VEIS,BRASIL,JUREMA"
161.6,"MATERIAL DE ESCRIT�RIO,BRASIL,TOLEDO"
161.4,"MATERIAL DE ESCRIT�RIO,BRASIL,JI-PARAN�"
160.8,"MATERIAL DE ESCRIT�RIO,BRASIL,ITAITUBA"
158.8,"MATERIAL DE ESCRIT�RIO,BRASIL,PATO BRANCO"
158.6,"MATERIAL DE ESCRIT�RIO,M�XICO,VERACRUZ"
158.4,"MATERIAL DE ESCRIT�RIO,BRASIL,MOGI DAS CRUZES"
156.514,"TECNOLOGIA,VENEZUELA,PETARE"
156.0,"TECNOLOGIA,BRASIL,PALMARES"
153.4,"MATERIAL DE ESCRIT�RIO,BRASIL,LINHARES"
151.12,"MATERIAL DE ESCRIT�RIO,REP�BLICA DOMINICANA,BAN�"
150.2,"MATERIAL DE ESCRIT�RIO,PARAGUAI,SAN LORENZO"
146.8,"MATERIAL DE ESCRIT�RIO,BRASIL,CRICI�MA"
144.2,"MATERIAL DE ESCRIT�RIO,COL�MBIA,JAMUND�"
143.8,"MATERIAL DE ESCRIT�RIO,BRASIL,S�O PEDRO DA ALDEIA"
141.0,"MATERIAL DE ESCRIT�RIO,BRASIL,PASSOS"
140.0,"MATERIAL DE ESCRIT�RIO,BRASIL,IGARASSU"
139.6,"MATERIAL DE ESCRIT�RIO,BRASIL,SERRA"
139.0,"MATERIAL DE ESCRIT�RIO,BRASIL,NITER�I"
138.4,"TECNOLOGIA,M�XICO,HUIXQUILUCAN"
137.4,"TECNOLOGIA,BRASIL,GUARUJ�"
137.2,"M�VEIS,COL�MBIA,IPIALES"
135.20001,"MATERIAL DE ESCRIT�RIO,REP�BLICA DOMINICANA,BAJOS DE HAINA"
134.12001,"MATERIAL DE ESCRIT�RIO,REP�BLICA DOMINICANA,SANTA CRUZ DE BARAHONA"
133.6,"TECNOLOGIA,M�XICO,AC�MBARO"
132.79999,"MATERIAL DE ESCRIT�RIO,BRASIL,BARUERI"
130.8,"MATERIAL DE ESCRIT�RIO,BRASIL,CABO FRIO"
130.59999,"MATERIAL DE ESCRIT�RIO,CHILE,SAN BERNARDO"
130.4,"M�VEIS,BOL�VIA,ORURO"
129.6,"MATERIAL DE ESCRIT�RIO,BRASIL,IJU�"
127.0,"MATERIAL DE ESCRIT�RIO,BRASIL,VIT�RIA DA CONQUISTA"
126.6,"MATERIAL DE ESCRIT�RIO,BRASIL,CAMPO LIMPO PAULISTA"
126.48,"M�VEIS,PERU,CAJAMARCA"
125.6,"M�VEIS,CHILE,PUNTA ARENAS"
125.2,"MATERIAL DE ESCRIT�RIO,M�XICO,CIUDAD DELICIAS"
124.8,"MATERIAL DE ESCRIT�RIO,BRASIL,GRAVATA�"
124.6,"MATERIAL DE ESCRIT�RIO,M�XICO,CHETUMAL"
123.2,"M�VEIS,BRASIL,EUN�POLIS"
123.0,"TECNOLOGIA,BRASIL,VIT�RIA"
118.4,"MATERIAL DE ESCRIT�RIO,BRASIL,MAU�"
116.4,"MATERIAL DE ESCRIT�RIO,COL�MBIA,SABANALARGA"
116.0,"MATERIAL DE ESCRIT�RIO,BRASIL,BARRETOS"
115.2,"M�VEIS,BRASIL,TABO�O DA SERRA"
115.0,"MATERIAL DE ESCRIT�RIO,BRASIL,BARREIRAS"
114.0,"M�VEIS,CHILE,PUENTE ALTO"
113.6,"TECNOLOGIA,BRASIL,ITUIUTABA"
111.1304,"TECNOLOGIA,BRASIL,INDAIATUBA"
110.8,"TECNOLOGIA,BRASIL,ARAGUA�NA"
109.8,"MATERIAL DE ESCRIT�RIO,M�XICO,AC�MBARO"
108.6,"TECNOLOGIA,CHILE,PUERTO MONTT"
107.0,"MATERIAL DE ESCRIT�RIO,REP�BLICA DOMINICANA,MOCA"
106.799995,"M�VEIS,M�XICO,SILAO"
105.0,"MATERIAL DE ESCRIT�RIO,BRASIL,JA�"
105.0,"MATERIAL DE ESCRIT�RIO,BRASIL,GUARAPUAVA"
104.8,"M�VEIS,CHILE,CHILL�N"
104.4,"TECNOLOGIA,M�XICO,LA PAZ"
102.6,"TECNOLOGIA,M�XICO,HEROICA ZIT�CUARO"
101.2,"M�VEIS,M�XICO,SAN LUIS R�O COLORADO"
101.1888,"TECNOLOGIA,BRASIL,BARREIRAS"
98.8,"MATERIAL DE ESCRIT�RIO,BRASIL,VIT�RIA DE SANTO ANT�O"
98.0,"MATERIAL DE ESCRIT�RIO,M�XICO,CUAUTITL�N"
97.2,"MATERIAL DE ESCRIT�RIO,BRASIL,GUARUJ�"
95.06,"TECNOLOGIA,BOL�VIA,TRINIDAD"
94.8,"MATERIAL DE ESCRIT�RIO,CHILE,ARICA"
93.0,"MATERIAL DE ESCRIT�RIO,COL�MBIA,BELLO"
92.4,"MATERIAL DE ESCRIT�RIO,BOL�VIA,RIBERALTA"
90.88,"M�VEIS,VENEZUELA,CIUDAD GUAYANA"
90.8,"MATERIAL DE ESCRIT�RIO,BRASIL,DUQUE DE CAXIAS"
90.68,"M�VEIS,M�XICO,MELCHOR OCAMPO"
89.4,"TECNOLOGIA,BRASIL,LORENA"
88.8,"MATERIAL DE ESCRIT�RIO,PARAGUAI,FERNANDO DE LA MORA"
87.2,"TECNOLOGIA,BRASIL,RONDON�POLIS"
86.4,"MATERIAL DE ESCRIT�RIO,BRASIL,SEROP�DICA"
85.2,"MATERIAL DE ESCRIT�RIO,M�XICO,TEZIUTL�N"
84.2,"MATERIAL DE ESCRIT�RIO,BRASIL,COARI"
83.2,"M�VEIS,BRASIL,LINS"
82.8,"MATERIAL DE ESCRIT�RIO,BRASIL,INDAIATUBA"
82.0,"MATERIAL DE ESCRIT�RIO,EQUADOR,PORTOVIEJO"
82.0,"MATERIAL DE ESCRIT�RIO,M�XICO,ACAYUCAN"
81.0,"MATERIAL DE ESCRIT�RIO,M�XICO,GUAM�CHIL"
80.560005,"M�VEIS,M�XICO,GUASAVE"
79.8,"M�VEIS,BRASIL,RIO GRANDE"
76.0,"MATERIAL DE ESCRIT�RIO,BRASIL,CAXIAS DO SUL"
75.2,"M�VEIS,BRASIL,TIANGU�"
74.4,"MATERIAL DE ESCRIT�RIO,M�XICO,TULANCINGO"
73.8,"MATERIAL DE ESCRIT�RIO,COL�MBIA,VALLEDUPAR"
70.4,"MATERIAL DE ESCRIT�RIO,M�XICO,VALLE HERMOSO"
69.6,"MATERIAL DE ESCRIT�RIO,BRASIL,SANTA CRUZ DO SUL"
69.0,"MATERIAL DE ESCRIT�RIO,BRASIL,CAMPINA GRANDE"
68.8,"MATERIAL DE ESCRIT�RIO,BRASIL,PATROC�NIO"
67.2,"MATERIAL DE ESCRIT�RIO,BRASIL,ITAPECURU MIRIM"
66.88,"M�VEIS,M�XICO,NOVO LAREDO"
65.2,"MATERIAL DE ESCRIT�RIO,CHILE,SAN ANTONIO"
64.399994,"MATERIAL DE ESCRIT�RIO,M�XICO,SALINA CRUZ"
62.840004,"MATERIAL DE ESCRIT�RIO,REP�BLICA DOMINICANA,CONCEPCI�N DE LA VEGA"
58.8,"MATERIAL DE ESCRIT�RIO,GUATEMALA,GUATEMALA CITY"
58.4,"M�VEIS,BRASIL,GUARAPARI"
57.6,"TECNOLOGIA,BRASIL,PASSO FUNDO"
56.6,"MATERIAL DE ESCRIT�RIO,BRASIL,JUREMA"
56.0,"M�VEIS,BRASIL,TAUBAT�"
55.8,"MATERIAL DE ESCRIT�RIO,BRASIL,S�O BENEDITO"
54.6,"MATERIAL DE ESCRIT�RIO,M�XICO,CHOLULA"
53.4,"M�VEIS,BRASIL,CANOAS"
52.2,"TECNOLOGIA,BRASIL,CRUZ DAS ALMAS"
52.0,"MATERIAL DE ESCRIT�RIO,BRASIL,CATAL�O"
51.6,"MATERIAL DE ESCRIT�RIO,URUGUAI,LAS PIEDRAS"
44.4,"M�VEIS,CHILE,CALAMA"
42.4,"M�VEIS,BRASIL,ARAPIRACA"
42.0,"M�VEIS,BRASIL,SANTAR�M"
41.6,"MATERIAL DE ESCRIT�RIO,BRASIL,CRATO"
40.88,"M�VEIS,M�XICO,ROSARITO"
40.0,"MATERIAL DE ESCRIT�RIO,BRASIL,MOSSOR�"
40.0,"MATERIAL DE ESCRIT�RIO,M�XICO,OCOTL�N"
39.6,"MATERIAL DE ESCRIT�RIO,BRASIL,NAVEGANTES"
39.04,"M�VEIS,M�XICO,SAHUAYO DE JOS� MAR�A MORELOS"
38.004,"TECNOLOGIA,ARGENTINA,RESISTENCIA"
37.8,"MATERIAL DE ESCRIT�RIO,BRASIL,FRANCO DA ROCHA"
37.47998,"M�VEIS,M�XICO,SALAMANCA"
36.96,"M�VEIS,M�XICO,GARZA GARC�A"
35.2,"M�VEIS,BRASIL,JUNDIA�"
34.84,"M�VEIS,PERU,AYACUCHO"
34.4,"MATERIAL DE ESCRIT�RIO,BRASIL,GURUPI"
32.8,"MATERIAL DE ESCRIT�RIO,BRASIL,DOURADOS"
31.2,"MATERIAL DE ESCRIT�RIO,ARGENTINA,CONCEPCI�N DEL URUGUAY"
30.919998,"M�VEIS,M�XICO,FRESNILLO DE GONZ�LEZ ECHEVERR�A"
30.6,"MATERIAL DE ESCRIT�RIO,BRASIL,COSM�POLIS"
28.8,"MATERIAL DE ESCRIT�RIO,BRASIL,JATA�"
27.6,"MATERIAL DE ESCRIT�RIO,M�XICO,ALTOTONGA"
26.8,"M�VEIS,BRASIL,BURITICUPU"
26.2,"MATERIAL DE ESCRIT�RIO,BRASIL,TERES�POLIS"
23.04,"M�VEIS,VENEZUELA,GUARENAS"
19.8,"MATERIAL DE ESCRIT�RIO,BRASIL,BENTO GON�ALVES"
18.6,"MATERIAL DE ESCRIT�RIO,COL�MBIA,YOPAL"
18.16,"TECNOLOGIA,PERU,HUANCAYO"
18.16,"TECNOLOGIA,VENEZUELA,CALABOZO"
17.6,"MATERIAL DE ESCRIT�RIO,BRASIL,ARARAQUARA"
16.8,"TECNOLOGIA,COL�MBIA,MOSQUERA"
16.0,"MATERIAL DE ESCRIT�RIO,BRASIL,SORRISO"
15.92,"MATERIAL DE ESCRIT�RIO,ARGENTINA,BAH�A BLANCA"
15.84,"MATERIAL DE ESCRIT�RIO,REP�BLICA DOMINICANA,BONAO"
15.6,"TECNOLOGIA,BRASIL,BALNE�RIO CAMBORI�"
14.0,"M�VEIS,CHILE,VILLA ALEMANA"
13.2,"MATERIAL DE ESCRIT�RIO,BRASIL,PALHO�A"
12.0,"MATERIAL DE ESCRIT�RIO,COL�MBIA,ENVIGADO"
11.52,"M�VEIS,ARGENTINA,POSADAS"
11.0,"MATERIAL DE ESCRIT�RIO,BRASIL,RIO BRANCO"
10.4,"TECNOLOGIA,PERU,BARRANCA"
10.4,"MATERIAL DE ESCRIT�RIO,BRASIL,CATANDUVA"
6.0,"MATERIAL DE ESCRIT�RIO,BRASIL,CIDADE OCIDENTAL"
5.6,"MATERIAL DE ESCRIT�RIO,BRASIL,JABOTICABAL"
5.0,"MATERIAL DE ESCRIT�RIO,BRASIL,PALMARES"
3.2,"M�VEIS,BRASIL,PINDAMONHANGABA"
3.0,"M�VEIS,BRASIL,GUARATINGUET�"
0.0,"MATERIAL DE ESCRIT�RIO,COL�MBIA,MONTER�A"
0.0,"MATERIAL DE ESCRIT�RIO,BRASIL,ITAPEVA"
0.0,"TECNOLOGIA,BRASIL,OSASCO"
0.0,"MATERIAL DE ESCRIT�RIO,BRASIL,SENHOR DO BONFIM"
0.0,"M�VEIS,COL�MBIA,SOLEDAD"
0.0,"TECNOLOGIA,M�XICO,SAHUAYO DE JOS� MAR�A MORELOS"
-0.24,"M�VEIS,M�XICO,CIUDAD DELICIAS"
-0.36,"M�VEIS,M�XICO,R�O BRAVO"
-0.6,"M�VEIS,M�XICO,ACAYUCAN"
-5.3999996,"MATERIAL DE ESCRIT�RIO,VENEZUELA,SAN CRIST�BAL"
-5.5999985,"MATERIAL DE ESCRIT�RIO,PERU,PUCALLPA"
-12.7248,"TECNOLOGIA,BRASIL,SAPUCAIA DO SUL"
-12.96,"MATERIAL DE ESCRIT�RIO,VENEZUELA,CHARALLAVE"
-13.168945,"TECNOLOGIA,REP�BLICA DOMINICANA,SANTIAGO DE LOS CABALLEROS"
-13.360001,"MATERIAL DE ESCRIT�RIO,VENEZUELA,PETARE"
-14.280002,"MATERIAL DE ESCRIT�RIO,PANAM�,LA CHORRERA"
-14.72,"MATERIAL DE ESCRIT�RIO,ARGENTINA,NECOCHEA"
-15.04,"MATERIAL DE ESCRIT�RIO,VENEZUELA,TURMERO"
-22.08,"MATERIAL DE ESCRIT�RIO,ARGENTINA,NEUQU�N"
-22.68,"M�VEIS,M�XICO,CADEREYTA"
-23.44,"M�VEIS,M�XICO,CIUDAD GUZM�N"
-24.36,"MATERIAL DE ESCRIT�RIO,PERU,CALLAO"
-32.75998,"M�VEIS,M�XICO,MONCLOVA"
-33.399994,"MATERIAL DE ESCRIT�RIO,VENEZUELA,TINAQUILLO"
-39.039997,"MATERIAL DE ESCRIT�RIO,VENEZUELA,MATUR�N"
-42.000015,"TECNOLOGIA,ARGENTINA,MENDOZA"
-45.36,"M�VEIS,M�XICO,TEHUAC�N"
-45.760002,"MATERIAL DE ESCRIT�RIO,VENEZUELA,BARQUISIMETO"
-48.0,"MATERIAL DE ESCRIT�RIO,PERU,AYACUCHO"
-48.62,"MATERIAL DE ESCRIT�RIO,ARGENTINA,CORRIENTES"
-49.920006,"MATERIAL DE ESCRIT�RIO,VENEZUELA,YARITAGUA"
-53.0,"M�VEIS,M�XICO,SOLEDAD D�EZ GUTI�RREZ"
-55.280003,"M�VEIS,M�XICO,APATZING�N DE LA CONSTITUCI�N"
-57.6,"MATERIAL DE ESCRIT�RIO,PERU,HUARAZ"
-63.0,"MATERIAL DE ESCRIT�RIO,ARGENTINA,SANTA ROSA"
-74.4,"M�VEIS,VENEZUELA,BARCELONA"
-74.76,"M�VEIS,VENEZUELA,MATUR�N"
-81.36,"MATERIAL DE ESCRIT�RIO,VENEZUELA,VALLE DE LA PASCUA"
-82.24,"TECNOLOGIA,PERU,IQUITOS"
-83.44,"MATERIAL DE ESCRIT�RIO,PERU,PAITA"
-83.52,"MATERIAL DE ESCRIT�RIO,ARGENTINA,SAN SALVADOR DE JUJUY"
-84.24,"MATERIAL DE ESCRIT�RIO,PERU,CHICLAYO"
-85.2,"TECNOLOGIA,PANAM�,COL�N"
-91.32,"M�VEIS,PERU,PUNO"
-91.520004,"M�VEIS,M�XICO,SANTA CATARINA"
-95.88,"TECNOLOGIA,PERU,TALARA"
-105.6,"MATERIAL DE ESCRIT�RIO,PERU,CHIMBOTE"
-110.16,"M�VEIS,M�XICO,HEROICA ZIT�CUARO"
-128.16,"M�VEIS,PANAM�,LA CHORRERA"
-134.38,"MATERIAL DE ESCRIT�RIO,ARGENTINA,SANTIAGO DEL ESTERO"
-141.2656,"TECNOLOGIA,REP�BLICA DOMINICANA,CONCEPCI�N DE LA VEGA"
-145.86,"MATERIAL DE ESCRIT�RIO,ARGENTINA,TARTAGAL"
-146.24,"MATERIAL DE ESCRIT�RIO,PERU,TRUJILLO"
-151.88,"M�VEIS,BRASIL,ITUIUTABA"
-155.2,"M�VEIS,M�XICO,JIUTEPEC"
-170.40001,"MATERIAL DE ESCRIT�RIO,VENEZUELA,CATIA LA MAR"
-172.04,"MATERIAL DE ESCRIT�RIO,VENEZUELA,MARACAY"
-190.516,"TECNOLOGIA,ARGENTINA,JUN�N"
-194.88,"M�VEIS,M�XICO,MIRAMAR"
-195.8,"MATERIAL DE ESCRIT�RIO,VENEZUELA,CALABOZO"
-195.84,"M�VEIS,M�XICO,AC�MBARO"
-196.52002,"M�VEIS,M�XICO,CAMPECHE"
-197.76,"M�VEIS,VENEZUELA,SAN CARLOS DEL ZULIA"
-197.8,"M�VEIS,VENEZUELA,CUMAN�"
-204.36,"M�VEIS,M�XICO,CIUDAD VALLES"
-211.9504,"TECNOLOGIA,ARGENTINA,SAN NICOL�S DE LOS ARROYOS"
-220.16,"MATERIAL DE ESCRIT�RIO,VENEZUELA,CAGUA"
-228.12,"TECNOLOGIA,VENEZUELA,PUERTO LA CRUZ"
-232.16,"TECNOLOGIA,ARGENTINA,ROS�RIO"
-248.176,"TECNOLOGIA,ARGENTINA,PARAN�"
-251.88,"M�VEIS,M�XICO,GENERAL ESCOBEDO"
-256.16,"MATERIAL DE ESCRIT�RIO,VENEZUELA,PALO NEGRO"
-262.2,"M�VEIS,BRASIL,JACOBINA"
-273.6,"MATERIAL DE ESCRIT�RIO,ARGENTINA,SAN FERNANDO DEL VALLE DE CATAMARCA"
-275.4,"M�VEIS,M�XICO,OCOTL�N"
-276.95996,"M�VEIS,BOL�VIA,YACUIBA"
-278.24,"MATERIAL DE ESCRIT�RIO,BRASIL,CAMOCIM"
-284.4,"MATERIAL DE ESCRIT�RIO,VENEZUELA,C�A"
-292.00003,"M�VEIS,M�XICO,HERMOSILLO"
-297.03998,"MATERIAL DE ESCRIT�RIO,VENEZUELA,EL TIGRE"
-297.6,"M�VEIS,ARGENTINA,SALTA"
-301.28,"TECNOLOGIA,ARGENTINA,BAH�A BLANCA"
-307.44,"M�VEIS,ARGENTINA,ESQUINA"
-310.03992,"M�VEIS,M�XICO,VILLAHERMOSA"
-316.16,"M�VEIS,VENEZUELA,VALENCIA"
-317.86002,"MATERIAL DE ESCRIT�RIO,ARGENTINA,ESQUINA"
-330.7504,"TECNOLOGIA,VENEZUELA,TURMERO"
-333.76,"M�VEIS,REP�BLICA DOMINICANA,BAN�"
-334.08,"MATERIAL DE ESCRIT�RIO,VENEZUELA,GUANARE"
-336.48,"M�VEIS,REP�BLICA DOMINICANA,SAN JUAN DE LA MAGUANA"
-337.16,"M�VEIS,PERU,CALLAO"
-341.04004,"M�VEIS,M�XICO,PIEDRAS NEGRAS"
-345.6,"MATERIAL DE ESCRIT�RIO,PERU,CAJAMARCA"
-349.4,"MATERIAL DE ESCRIT�RIO,VENEZUELA,BARCELONA"
-352.72,"TECNOLOGIA,VENEZUELA,CIUDAD GUAYANA"
-356.0,"MATERIAL DE ESCRIT�RIO,VENEZUELA,EL LIM�N"
-367.8,"M�VEIS,M�XICO,IXTAPALUCA"
-374.88,"M�VEIS,M�XICO,LAGOS DE MORENO"
-386.4,"MATERIAL DE ESCRIT�RIO,VENEZUELA,M�RIDA"
-386.88,"MATERIAL DE ESCRIT�RIO,PERU,IQUITOS"
-388.32,"MATERIAL DE ESCRIT�RIO,VENEZUELA,CUMAN�"
-391.0,"MATERIAL DE ESCRIT�RIO,ARGENTINA,AVELLANEDA"
-391.96,"MATERIAL DE ESCRIT�RIO,ARGENTINA,POSADAS"
-402.40002,"MATERIAL DE ESCRIT�RIO,PERU,ILO"
-408.92,"M�VEIS,ARGENTINA,NEUQU�N"
-410.40002,"MATERIAL DE ESCRIT�RIO,ARGENTINA,SAN JUAN"
-414.71997,"M�VEIS,M�XICO,DURANGO"
-415.76,"M�VEIS,ARGENTINA,AVELLANEDA"
-440.92,"M�VEIS,M�XICO,COATZACOALCOS"
-459.24002,"TECNOLOGIA,VENEZUELA,CATIA LA MAR"
-463.91998,"MATERIAL DE ESCRIT�RIO,ARGENTINA,SALTA"
-478.32,"TECNOLOGIA,PERU,CHIMBOTE"
-496.74,"MATERIAL DE ESCRIT�RIO,ARGENTINA,SAN JUSTO"
-501.688,"TECNOLOGIA,PERU,CHINCHA ALTA"
-503.08002,"MATERIAL DE ESCRIT�RIO,VENEZUELA,CIUDAD BOL�VAR"
-508.52002,"MATERIAL DE ESCRIT�RIO,PERU,HUANCAYO"
-510.2,"M�VEIS,ARGENTINA,SANTA F�"
-511.0,"TECNOLOGIA,BRASIL,VASSOURAS"
-523.08,"MATERIAL DE ESCRIT�RIO,VENEZUELA,SAN JOS� DE GUANIPA"
-543.95996,"M�VEIS,M�XICO,AZCAPOTZALCO"
-549.39996,"MATERIAL DE ESCRIT�RIO,ARGENTINA,PARAN�"
-552.48,"M�VEIS,PERU,PIURA"
-556.08,"M�VEIS,VENEZUELA,GUATIRE"
-561.12,"MATERIAL DE ESCRIT�RIO,BRASIL,BARREIRINHAS"
-568.24005,"M�VEIS,M�XICO,TLALNEPANTLA"
-577.4,"MATERIAL DE ESCRIT�RIO,PERU,JULIACA"
-584.64,"M�VEIS,M�XICO,VILLA FRONTERA"
-584.8,"MATERIAL DE ESCRIT�RIO,VENEZUELA,CABIMAS"
-591.08,"M�VEIS,ARGENTINA,SANTIAGO DEL ESTERO"
-604.36,"MATERIAL DE ESCRIT�RIO,ARGENTINA,SAN NICOL�S DE LOS ARROYOS"
-607.81995,"MATERIAL DE ESCRIT�RIO,ARGENTINA,RESISTENCIA"
-635.84,"MATERIAL DE ESCRIT�RIO,ARGENTINA,C�RDOBA"
-661.32,"M�VEIS,M�XICO,CUAJIMALPA"
-662.04,"M�VEIS,M�XICO,PUERTO VALLARTA"
-690.62,"MATERIAL DE ESCRIT�RIO,ARGENTINA,PRESIDENCIA ROQUE S�ENZ PE�A"
-692.0,"MATERIAL DE ESCRIT�RIO,VENEZUELA,GUACARA"
-693.28,"MATERIAL DE ESCRIT�RIO,PANAM�,COL�N"
-695.88,"MATERIAL DE ESCRIT�RIO,ARGENTINA,SANTA F�"
-696.77997,"MATERIAL DE ESCRIT�RIO,ARGENTINA,MAR DEL PLATA"
-722.07996,"M�VEIS,VENEZUELA,MARACAY"
-744.0,"M�VEIS,REP�BLICA DOMINICANA,BONAO"
-751.68,"M�VEIS,M�XICO,TEMIXCO"
-767.04004,"MATERIAL DE ESCRIT�RIO,BRASIL,JACOBINA"
-767.52,"M�VEIS,EQUADOR,SANTO DOMINGO DE LOS COLORADOS"
-779.5904,"TECNOLOGIA,VENEZUELA,MARACAIBO"
-788.4,"M�VEIS,ARGENTINA,SAN RAFAEL"
-792.56,"TECNOLOGIA,ARGENTINA,SANTA ROSA"
-812.24,"M�VEIS,BRASIL,ABREU E LIMA"
-819.24005,"MATERIAL DE ESCRIT�RIO,ARGENTINA,LA PLATA"
-849.33997,"MATERIAL DE ESCRIT�RIO,ARGENTINA,COMODORO RIVADAVIA"
-870.24,"M�VEIS,ARGENTINA,CORRIENTES"
-873.8,"MATERIAL DE ESCRIT�RIO,VENEZUELA,PORLAMAR"
-886.4,"M�VEIS,VENEZUELA,EL LIM�N"
-892.0,"M�VEIS,ARGENTINA,SAN SALVADOR DE JUJUY"
-894.44,"M�VEIS,PERU,HUANCAYO"
-900.96,"TECNOLOGIA,ARGENTINA,POSADAS"
-913.112,"TECNOLOGIA,ARGENTINA,CORRIENTES"
-935.04,"M�VEIS,M�XICO,IGUALA DE LA INDEPENDENCIA"
-941.44,"MATERIAL DE ESCRIT�RIO,PERU,CHINCHA ALTA"
-949.04004,"MATERIAL DE ESCRIT�RIO,BRASIL,A�U"
-949.2,"TECNOLOGIA,ARGENTINA,LA PLATA"
-954.88,"MATERIAL DE ESCRIT�RIO,PERU,PUNO"
-971.19995,"TECNOLOGIA,BRASIL,PIRAPORA"
-976.56,"MATERIAL DE ESCRIT�RIO,PERU,AREQUIPA"
-989.64,"TECNOLOGIA,BRASIL,CAMOCIM"
-1018.8799,"M�VEIS,M�XICO,TOLUCA"
-1049.5573,"TECNOLOGIA,PANAM�,LA CHORRERA"
-1067.96,"M�VEIS,M�XICO,METEPEC"
-1094.32,"MATERIAL DE ESCRIT�RIO,BRASIL,QUIXAD�"
-1098.58,"M�VEIS,ARGENTINA,BAH�A BLANCA"
-1100.96,"M�VEIS,HONDURAS,EL PROGRESO"
-1117.96,"MATERIAL DE ESCRIT�RIO,BRASIL,BLUMENAU"
-1121.76,"MATERIAL DE ESCRIT�RIO,VENEZUELA,PUERTO LA CRUZ"
-1136.62,"TECNOLOGIA,ARGENTINA,SAN JUSTO"
-1156.24,"MATERIAL DE ESCRIT�RIO,VENEZUELA,ACARIGUA"
-1160.138,"TECNOLOGIA,BRASIL,PILAR"
-1165.7599,"MATERIAL DE ESCRIT�RIO,BRASIL,ARARANGU�"
-1167.28,"M�VEIS,BRASIL,PARINTINS"
-1191.8,"TECNOLOGIA,BRASIL,REGISTRO"
-1225.0,"TECNOLOGIA,BRASIL,BRUMADO"
-1233.24,"M�VEIS,PANAM�,COL�N"
-1245.92,"M�VEIS,M�XICO,TORRE�N"
-1257.72,"MATERIAL DE ESCRIT�RIO,HAITI,GONA�VES"
-1259.16,"M�VEIS,M�XICO,SAN PABLO DE LAS SALINAS"
-1259.46,"MATERIAL DE ESCRIT�RIO,ARGENTINA,MENDOZA"
-1268.48,"MATERIAL DE ESCRIT�RIO,VENEZUELA,CIUDAD GUAYANA"
-1269.28,"MATERIAL DE ESCRIT�RIO,ARGENTINA,ROS�RIO"
-1272.0664,"TECNOLOGIA,HAITI,GONA�VES"
-1274.6,"M�VEIS,BRASIL,PETR�POLIS"
-1303.0399,"M�VEIS,M�XICO,G�MEZ PALACIO"
-1312.26,"M�VEIS,REP�BLICA DOMINICANA,CONCEPCI�N DE LA VEGA"
-1313.9768,"TECNOLOGIA,BRASIL,PONTES E LACERDA"
-1326.8013,"TECNOLOGIA,PERU,PUCALLPA"
-1333.28,"M�VEIS,HAITI,GONA�VES"
-1373.6001,"TECNOLOGIA,ARGENTINA,AVELLANEDA"
-1379.12,"M�VEIS,ARGENTINA,MENDOZA"
-1394.2799,"M�VEIS,M�XICO,CHIHUAHUA"
-1402.24,"MATERIAL DE ESCRIT�RIO,BRASIL,PONTES E LACERDA"
-1430.92,"M�VEIS,M�XICO,MILPA ALTA"
-1455.8801,"M�VEIS,VENEZUELA,MARACAIBO"
-1459.08,"TECNOLOGIA,BRASIL,INDAIAL"
-1475.5089,"TECNOLOGIA,ARGENTINA,SAN JUAN"
-1498.2,"M�VEIS,BRASIL,PONTE NOVA"
-1645.1599,"M�VEIS,M�XICO,CIUDAD VICTORIA"
-1647.36,"M�VEIS,M�XICO,ATLIXCO"
-1702.08,"TECNOLOGIA,VENEZUELA,ACARIGUA"
-1723.7999,"MATERIAL DE ESCRIT�RIO,HONDURAS,CIUDAD CHOLUTECA"
-1747.6799,"M�VEIS,PERU,IQUITOS"
-1774.0392,"TECNOLOGIA,ARGENTINA,ESQUINA"
-1851.24,"MATERIAL DE ESCRIT�RIO,HONDURAS,EL PROGRESO"
-1894.36,"MATERIAL DE ESCRIT�RIO,BRASIL,BELO HORIZONTE"
-2000.8,"M�VEIS,COL�MBIA,JAMUND�"
-2014.2,"M�VEIS,ARGENTINA,LA RIOJA"
-2021.448,"TECNOLOGIA,VENEZUELA,MARACAY"
-2030.6,"M�VEIS,COL�MBIA,SANTA MARTA"
-2117.8,"M�VEIS,BRASIL,VASSOURAS"
-2150.1602,"MATERIAL DE ESCRIT�RIO,PANAM�,ARRAIJ�N"
-2188.4,"M�VEIS,PERU,ILO"
-2194.8,"M�VEIS,M�XICO,CHILPANCINGO"
-2268.08,"M�VEIS,BRASIL,BEZERROS"
-2308.0,"TECNOLOGIA,REP�BLICA DOMINICANA,BAN�"
-2327.84,"TECNOLOGIA,BRASIL,SURUBIM"
-2332.3599,"MATERIAL DE ESCRIT�RIO,BRASIL,BOM JESUS DA LAPA"
-2459.36,"TECNOLOGIA,ARGENTINA,CIPOLLETTI"
-2471.94,"M�VEIS,REP�BLICA DOMINICANA,SANTA CRUZ DE BARAHONA"
-2508.2,"MATERIAL DE ESCRIT�RIO,VENEZUELA,GUATIRE"
-2548.3198,"M�VEIS,M�XICO,CELAYA"
-2625.68,"M�VEIS,VENEZUELA,CHARALLAVE"
-2771.04,"M�VEIS,M�XICO,TEPIC"
-2818.2002,"M�VEIS,ARGENTINA,RESISTENCIA"
-2904.9744,"TECNOLOGIA,HONDURAS,EL PROGRESO"
-2908.2002,"M�VEIS,BRASIL,PILAR"
-2957.36,"M�VEIS,BRASIL,QUIXAD�"
-2958.6,"MATERIAL DE ESCRIT�RIO,VENEZUELA,CARACAS"
-3060.12,"TECNOLOGIA,VENEZUELA,CARORA"
-3112.56,"MATERIAL DE ESCRIT�RIO,BRASIL,BRUMADO"
-3122.88,"M�VEIS,ARGENTINA,MAR DEL PLATA"
-3129.0093,"TECNOLOGIA,REP�BLICA DOMINICANA,MOCA"
-3130.92,"MATERIAL DE ESCRIT�RIO,BRASIL,PIRAPORA"
-3415.16,"M�VEIS,PERU,CHINCHA ALTA"
-3436.0398,"TECNOLOGIA,BRASIL,S�O MIGUEL DOS CAMPOS"
-3468.2798,"MATERIAL DE ESCRIT�RIO,HONDURAS,CHOLOMA"
-3479.8652,"TECNOLOGIA,ARGENTINA,QUILMES"
-3512.0,"TECNOLOGIA,BRASIL,ARARANGU�"
-3514.1602,"M�VEIS,URUGUAI,MONTEVID�U"
-3594.0005,"M�VEIS,REP�BLICA DOMINICANA,LA ROMANA"
-3601.84,"MATERIAL DE ESCRIT�RIO,BRASIL,PRESIDENTE DUTRA"
-3822.7507,"TECNOLOGIA,REP�BLICA DOMINICANA,SAN JUAN DE LA MAGUANA"
-3872.32,"MATERIAL DE ESCRIT�RIO,BRASIL,PILAR"
-3993.4402,"MATERIAL DE ESCRIT�RIO,HONDURAS,LA CEIBA"
-4080.16,"TECNOLOGIA,ARGENTINA,COMODORO RIVADAVIA"
-4122.24,"MATERIAL DE ESCRIT�RIO,BRASIL,REGISTRO"
-4139.84,"M�VEIS,ARGENTINA,SAN JUSTO"
-4175.3203,"M�VEIS,PANAM�,ARRAIJ�N"
-4193.054,"TECNOLOGIA,VENEZUELA,YARITAGUA"
-4318.0,"M�VEIS,BRASIL,BARREIRINHAS"
-4424.04,"M�VEIS,BRASIL,LIMOEIRO DO NORTE"
-4456.04,"M�VEIS,M�XICO,TLALPAN"
-4526.0547,"TECNOLOGIA,BRASIL,PRESIDENTE DUTRA"
-4536.96,"MATERIAL DE ESCRIT�RIO,BRASIL,SURUBIM"
-4714.546,"TECNOLOGIA,VENEZUELA,VALLE DE LA PASCUA"
-4749.48,"MATERIAL DE ESCRIT�RIO,VENEZUELA,BARUTA"
-4813.28,"M�VEIS,BRASIL,S�O MIGUEL DOS CAMPOS"
-4854.08,"M�VEIS,BRASIL,REGISTRO"
-4940.4404,"MATERIAL DE ESCRIT�RIO,VENEZUELA,VALENCIA"
-4951.84,"M�VEIS,PERU,PUCALLPA"
-5089.0,"M�VEIS,BRASIL,BLUMENAU"
-5156.52,"M�VEIS,ARGENTINA,ROS�RIO"
-5196.7603,"M�VEIS,BRASIL,PONTES E LACERDA"
-5344.7197,"M�VEIS,BRASIL,SURUBIM"
-5405.44,"M�VEIS,ARGENTINA,LA PLATA"
-5408.888,"TECNOLOGIA,ARGENTINA,C�RDOBA"
-5593.8,"MATERIAL DE ESCRIT�RIO,BRASIL,SALVADOR"
-5606.4585,"TECNOLOGIA,VENEZUELA,VALENCIA"
-5657.6426,"TECNOLOGIA,BRASIL,BEZERROS"
-5797.1196,"M�VEIS,ARGENTINA,SAN JUAN"
-5810.4023,"TECNOLOGIA,VENEZUELA,CARACAS"
-6323.36,"M�VEIS,BRASIL,ARARANGU�"
-6639.6133,"TECNOLOGIA,PERU,LIMA"
-6793.8003,"MATERIAL DE ESCRIT�RIO,BRASIL,VASSOURAS"
-6892.281,"MATERIAL DE ESCRIT�RIO,PERU,LIMA"
-6923.4004,"MATERIAL DE ESCRIT�RIO,VENEZUELA,MARACAIBO"
-7124.8403,"M�VEIS,VENEZUELA,PUERTO LA CRUZ"
-7401.3604,"MATERIAL DE ESCRIT�RIO,HAITI,CARREFOUR"
-7528.8794,"MATERIAL DE ESCRIT�RIO,BRASIL,S�O MIGUEL DOS CAMPOS"
-7539.133,"TECNOLOGIA,HONDURAS,CHOLOMA"
-7620.7603,"M�VEIS,VENEZUELA,BARQUISIMETO"
-7677.0996,"M�VEIS,HONDURAS,LA CEIBA"
-7755.9434,"TECNOLOGIA,HAITI,CARREFOUR"
-8044.131,"TECNOLOGIA,PANAM�,DAVID"
-8047.2,"M�VEIS,HONDURAS,CIUDAD CHOLUTECA"
-8108.3193,"M�VEIS,M�XICO,APODACA"
-8163.8403,"M�VEIS,BRASIL,BELO HORIZONTE"
-8192.54,"M�VEIS,REP�BLICA DOMINICANA,SAN FRANCISCO DE MACOR�S"
-8199.84,"M�VEIS,BRASIL,BOM JESUS DA LAPA"
-8384.2,"M�VEIS,BRASIL,PIRAPORA"
-8477.199,"MATERIAL DE ESCRIT�RIO,PANAM�,CIDADE DO PANAM�"
-8540.04,"M�VEIS,PANAM�,DAVID"
-8655.36,"M�VEIS,BRASIL,BRUMADO"
-8669.561,"M�VEIS,ARGENTINA,C�RDOBA"
-8737.52,"M�VEIS,HONDURAS,CHOLOMA"
-8776.28,"MATERIAL DE ESCRIT�RIO,BRASIL,PONTE NOVA"
-8853.64,"MATERIAL DE ESCRIT�RIO,PANAM�,DAVID"
-8901.78,"M�VEIS,VENEZUELA,GUACARA"
-8920.08,"MATERIAL DE ESCRIT�RIO,BRASIL,LIMOEIRO DO NORTE"
-8976.181,"M�VEIS,ARGENTINA,PRESIDENCIA ROQUE S�ENZ PE�A"
-9368.36,"MATERIAL DE ESCRIT�RIO,BRASIL,INDAIAL"
-10052.072,"TECNOLOGIA,PANAM�,ARRAIJ�N"
-10560.56,"M�VEIS,ARGENTINA,SAN LUIS"
-10589.409,"TECNOLOGIA,HONDURAS,CIUDAD CHOLUTECA"
-10894.32,"M�VEIS,BRASIL,INDAIAL"
-11258.2,"MATERIAL DE ESCRIT�RIO,BRASIL,BEZERROS"
-11483.441,"MATERIAL DE ESCRIT�RIO,PANAM�,SAN MIGUELITO"
-11526.76,"MATERIAL DE ESCRIT�RIO,HONDURAS,SAN PEDRO SULA"
-11581.091,"TECNOLOGIA,BRASIL,PONTE NOVA"
-14048.763,"TECNOLOGIA,BRASIL,BLUMENAU"
-15585.119,"M�VEIS,BRASIL,PRESIDENTE DUTRA"
-17136.266,"TECNOLOGIA,REP�BLICA DOMINICANA,SANTO DOMINGO"
-17384.926,"TECNOLOGIA,BRASIL,BOM JESUS DA LAPA"
-17616.85,"TECNOLOGIA,HONDURAS,SAN PEDRO SULA"
-17892.76,"TECNOLOGIA,BRASIL,LIMOEIRO DO NORTE"
-18535.32,"M�VEIS,REP�BLICA DOMINICANA,SANTIAGO DE LOS CABALLEROS"
-18542.506,"TECNOLOGIA,PANAM�,SAN MIGUELITO"
-18559.77,"TECNOLOGIA,HONDURAS,LA CEIBA"
-18728.16,"M�VEIS,BRASIL,A�U"
-19358.68,"MATERIAL DE ESCRIT�RIO,ARGENTINA,BUENOS AIRES"
-19424.578,"M�VEIS,PERU,LIMA"
-20539.6,"M�VEIS,VENEZUELA,CARACAS"
-20814.555,"TECNOLOGIA,ARGENTINA,BUENOS AIRES"
-21126.205,"TECNOLOGIA,BRASIL,A�U"
-21325.38,"M�VEIS,REP�BLICA DOMINICANA,SAN PEDRO DE MACOR�S"
-22732.193,"TECNOLOGIA,BRASIL,SALVADOR"
-22852.742,"M�VEIS,HAITI,CARREFOUR"
-25131.438,"TECNOLOGIA,BRASIL,BELO HORIZONTE"
-25453.312,"TECNOLOGIA,PANAM�,CIDADE DO PANAM�"
-27831.0,"M�VEIS,BRASIL,SALVADOR"
-31937.58,"M�VEIS,PANAM�,SAN MIGUELITO"
-36321.4,"M�VEIS,PANAM�,CIDADE DO PANAM�"
-39413.12,"M�VEIS,HONDURAS,SAN PEDRO SULA"
-45425.938,"M�VEIS,REP�BLICA DOMINICANA,SANTO DOMINGO"
-45505.617,"M�VEIS,ARGENTINA,BUENOS AIRES"
-46044.523,"MATERIAL DE ESCRIT�RIO,HONDURAS,TEGUCIGALPA"
-51446.42,"TECNOLOGIA,HONDURAS,TEGUCIGALPA"
-52583.22,"M�VEIS,HONDURAS,TEGUCIGALPA"
