69,"M�V-CA-10001016,M�VEIS"
66,"MAT-AR-10003722,MATERIAL DE ESCRIT�RIO"
64,"M�V-CA-10001401,M�VEIS"
64,"MAT-AR-10000604,MATERIAL DE ESCRIT�RIO"
63,"MAT-AR-10003516,MATERIAL DE ESCRIT�RIO"
63,"MAT-FI-10002974,MATERIAL DE ESCRIT�RIO"
62,"MAT-FI-10001532,MATERIAL DE ESCRIT�RIO"
59,"M�V-CA-10001506,M�VEIS"
59,"M�V-CA-10002523,M�VEIS"
58,"M�V-CA-10003783,M�VEIS"
57,"MAT-AR-10001334,MATERIAL DE ESCRIT�RIO"
57,"MAT-FI-10004660,MATERIAL DE ESCRIT�RIO"
56,"M�V-CA-10002419,M�VEIS"
55,"MAT-FI-10001495,MATERIAL DE ESCRIT�RIO"
54,"MAT-FI-10000640,MATERIAL DE ESCRIT�RIO"
54,"M�V-CA-10001262,M�VEIS"
54,"MAT-FI-10000516,MATERIAL DE ESCRIT�RIO"
53,"MAT-FI-10004209,MATERIAL DE ESCRIT�RIO"
53,"M�V-CA-10003984,M�VEIS"
53,"M�V-CA-10001833,M�VEIS"
52,"MAT-FI-10000858,MATERIAL DE ESCRIT�RIO"
52,"MAT-FI-10002102,MATERIAL DE ESCRIT�RIO"
52,"MAT-CO-10001827,MATERIAL DE ESCRIT�RIO"
52,"M�V-ES-10001958,M�VEIS"
52,"MAT-AR-10002439,MATERIAL DE ESCRIT�RIO"
51,"MAT-EN-10003848,MATERIAL DE ESCRIT�RIO"
51,"MAT-FI-10002057,MATERIAL DE ESCRIT�RIO"
51,"MAT-ET-10004271,MATERIAL DE ESCRIT�RIO"
50,"TEC-TE-10002683,TECNOLOGIA"
50,"TEC-AC-10000310,TECNOLOGIA"
50,"M�V-CA-10004194,M�VEIS"
49,"MAT-CO-10004718,MATERIAL DE ESCRIT�RIO"
49,"M�V-CA-10002867,M�VEIS"
49,"M�V-M�-10004937,M�VEIS"
48,"MAT-FI-10002195,MATERIAL DE ESCRIT�RIO"
48,"MAT-CO-10002370,MATERIAL DE ESCRIT�RIO"
48,"MAT-AR-10002720,MATERIAL DE ESCRIT�RIO"
48,"M�V-ES-10004976,M�VEIS"
48,"MAT-EN-10004248,MATERIAL DE ESCRIT�RIO"
47,"MAT-FI-10001093,MATERIAL DE ESCRIT�RIO"
47,"M�V-CA-10002889,M�VEIS"
47,"MAT-ET-10001153,MATERIAL DE ESCRIT�RIO"
47,"MAT-CO-10004160,MATERIAL DE ESCRIT�RIO"
46,"MAT-FI-10003491,MATERIAL DE ESCRIT�RIO"
46,"MAT-FI-10001873,MATERIAL DE ESCRIT�RIO"
46,"TEC-TE-10004283,TECNOLOGIA"
46,"MAT-ET-10001964,MATERIAL DE ESCRIT�RIO"
46,"MAT-FI-10002233,MATERIAL DE ESCRIT�RIO"
46,"MAT-AR-10001753,MATERIAL DE ESCRIT�RIO"
45,"M�V-CA-10001218,M�VEIS"
45,"MAT-FI-10000337,MATERIAL DE ESCRIT�RIO"
45,"TEC-AC-10004216,TECNOLOGIA"
45,"MAT-FI-10001212,MATERIAL DE ESCRIT�RIO"
45,"M�V-CA-10001756,M�VEIS"
45,"M�V-CA-10000755,M�VEIS"
45,"MAT-FI-10003340,MATERIAL DE ESCRIT�RIO"
44,"MAT-AR-10004870,MATERIAL DE ESCRIT�RIO"
44,"MAT-FI-10002671,MATERIAL DE ESCRIT�RIO"
44,"TEC-TE-10002172,TECNOLOGIA"
44,"MAT-AR-10002310,MATERIAL DE ESCRIT�RIO"
44,"MAT-AR-10002512,MATERIAL DE ESCRIT�RIO"
44,"MAT-FI-10003481,MATERIAL DE ESCRIT�RIO"
44,"MAT-MA-10005000,MATERIAL DE ESCRIT�RIO"
43,"M�V-ES-10001900,M�VEIS"
43,"MAT-FI-10003598,MATERIAL DE ESCRIT�RIO"
43,"MAT-FI-10002872,MATERIAL DE ESCRIT�RIO"
43,"MAT-AR-10000003,MATERIAL DE ESCRIT�RIO"
43,"TEC-TE-10004136,TECNOLOGIA"
43,"MAT-PA-10004538,MATERIAL DE ESCRIT�RIO"
43,"TEC-TE-10004237,TECNOLOGIA"
43,"MAT-FI-10002363,MATERIAL DE ESCRIT�RIO"
42,"MAT-FI-10000133,MATERIAL DE ESCRIT�RIO"
42,"MAT-PA-10003495,MATERIAL DE ESCRIT�RIO"
42,"MAT-PA-10000322,MATERIAL DE ESCRIT�RIO"
42,"MAT-FI-10004927,MATERIAL DE ESCRIT�RIO"
42,"MAT-PA-10000468,MATERIAL DE ESCRIT�RIO"
42,"M�V-CA-10001628,M�VEIS"
42,"MAT-AR-10004677,MATERIAL DE ESCRIT�RIO"
42,"MAT-AR-10000907,MATERIAL DE ESCRIT�RIO"
42,"M�V-CA-10000803,M�VEIS"
42,"TEC-CO-10003448,TECNOLOGIA"
42,"MAT-EN-10002228,MATERIAL DE ESCRIT�RIO"
41,"M�V-CA-10001755,M�VEIS"
41,"MAT-EN-10003792,MATERIAL DE ESCRIT�RIO"
41,"MAT-FI-10004780,MATERIAL DE ESCRIT�RIO"
41,"M�V-CA-10004369,M�VEIS"
41,"TEC-AC-10001054,TECNOLOGIA"
41,"M�V-CA-10002289,M�VEIS"
41,"MAT-FI-10001380,MATERIAL DE ESCRIT�RIO"
41,"MAT-AR-10004374,MATERIAL DE ESCRIT�RIO"
41,"MAT-AR-10001348,MATERIAL DE ESCRIT�RIO"
40,"M�V-CA-10002330,M�VEIS"
40,"TEC-AC-10004745,TECNOLOGIA"
40,"M�V-CA-10004873,M�VEIS"
40,"MAT-FI-10000562,MATERIAL DE ESCRIT�RIO"
40,"MAT-EN-10003820,MATERIAL DE ESCRIT�RIO"
40,"MAT-ET-10001772,MATERIAL DE ESCRIT�RIO"
40,"TEC-AC-10004990,TECNOLOGIA"
40,"TEC-TE-10001353,TECNOLOGIA"
40,"M�V-CA-10003011,M�VEIS"
40,"TEC-CO-10002270,TECNOLOGIA"
40,"MAT-AR-10003566,MATERIAL DE ESCRIT�RIO"
40,"MAT-FI-10002390,MATERIAL DE ESCRIT�RIO"
40,"MAT-ET-10001115,MATERIAL DE ESCRIT�RIO"
40,"MAT-ET-10000163,MATERIAL DE ESCRIT�RIO"
40,"M�V-ES-10002397,M�VEIS"
40,"MAT-FI-10000954,MATERIAL DE ESCRIT�RIO"
40,"M�V-CA-10002269,M�VEIS"
40,"TEC-CO-10004173,TECNOLOGIA"
40,"MAT-FI-10000837,MATERIAL DE ESCRIT�RIO"
39,"MAT-FI-10003013,MATERIAL DE ESCRIT�RIO"
39,"M�V-M�-10003663,M�VEIS"
39,"M�V-M�-10001597,M�VEIS"
39,"MAT-ET-10002113,MATERIAL DE ESCRIT�RIO"
39,"MAT-FI-10003646,MATERIAL DE ESCRIT�RIO"
39,"M�V-ES-10003074,M�VEIS"
39,"MAT-AR-10001020,MATERIAL DE ESCRIT�RIO"
39,"MAT-FI-10003320,MATERIAL DE ESCRIT�RIO"
39,"MAT-AR-10001384,MATERIAL DE ESCRIT�RIO"
39,"MAT-AR-10002671,MATERIAL DE ESCRIT�RIO"
39,"MAT-AR-10001043,MATERIAL DE ESCRIT�RIO"
38,"MAT-AR-10002476,MATERIAL DE ESCRIT�RIO"
38,"MAT-PA-10001695,MATERIAL DE ESCRIT�RIO"
38,"MAT-FI-10002700,MATERIAL DE ESCRIT�RIO"
38,"TEC-TE-10004881,TECNOLOGIA"
38,"MAT-AR-10000951,MATERIAL DE ESCRIT�RIO"
38,"TEC-CO-10002086,TECNOLOGIA"
38,"MAT-AR-10003045,MATERIAL DE ESCRIT�RIO"
38,"MAT-PA-10003731,MATERIAL DE ESCRIT�RIO"
38,"MAT-FI-10001416,MATERIAL DE ESCRIT�RIO"
38,"MAT-FI-10000495,MATERIAL DE ESCRIT�RIO"
38,"TEC-TE-10003922,TECNOLOGIA"
38,"MAT-FI-10004130,MATERIAL DE ESCRIT�RIO"
37,"M�V-ES-10004613,M�VEIS"
37,"MAT-MA-10002613,MATERIAL DE ESCRIT�RIO"
37,"MAT-MA-10001359,MATERIAL DE ESCRIT�RIO"
37,"TEC-CO-10002466,TECNOLOGIA"
37,"MAT-AR-10002094,MATERIAL DE ESCRIT�RIO"
37,"M�V-M�-10003988,M�VEIS"
37,"TEC-AC-10003900,TECNOLOGIA"
37,"M�V-CA-10001700,M�VEIS"
37,"M�V-M�-10003337,M�VEIS"
37,"M�V-M�-10000480,M�VEIS"
37,"M�V-CA-10000861,M�VEIS"
37,"MAT-FI-10000244,MATERIAL DE ESCRIT�RIO"
37,"MAT-MA-10003011,MATERIAL DE ESCRIT�RIO"
37,"MAT-AR-10001139,MATERIAL DE ESCRIT�RIO"
37,"MAT-EN-10003894,MATERIAL DE ESCRIT�RIO"
36,"MAT-FI-10004261,MATERIAL DE ESCRIT�RIO"
36,"M�V-CA-10004202,M�VEIS"
36,"MAT-PA-10000586,MATERIAL DE ESCRIT�RIO"
36,"MAT-AR-10000276,MATERIAL DE ESCRIT�RIO"
36,"MAT-PA-10003686,MATERIAL DE ESCRIT�RIO"
36,"MAT-AR-10003420,MATERIAL DE ESCRIT�RIO"
36,"MAT-EN-10000917,MATERIAL DE ESCRIT�RIO"
36,"MAT-EN-10001187,MATERIAL DE ESCRIT�RIO"
36,"M�V-ES-10001334,M�VEIS"
36,"MAT-AR-10001124,MATERIAL DE ESCRIT�RIO"
36,"M�V-CA-10001949,M�VEIS"
36,"MAT-CO-10004940,MATERIAL DE ESCRIT�RIO"
36,"M�V-CA-10002904,M�VEIS"
36,"MAT-AR-10004240,MATERIAL DE ESCRIT�RIO"
36,"M�V-M�-10001338,M�VEIS"
36,"M�V-CA-10001109,M�VEIS"
36,"M�V-CA-10004984,M�VEIS"
36,"TEC-AC-10000500,TECNOLOGIA"
36,"MAT-MA-10003204,MATERIAL DE ESCRIT�RIO"
35,"M�V-CA-10003821,M�VEIS"
35,"M�V-CA-10004158,M�VEIS"
35,"TEC-AC-10000376,TECNOLOGIA"
35,"M�V-CA-10002893,M�VEIS"
35,"MAT-FI-10002744,MATERIAL DE ESCRIT�RIO"
35,"TEC-AC-10002501,TECNOLOGIA"
35,"M�V-M�-10004936,M�VEIS"
35,"TEC-TE-10004658,TECNOLOGIA"
35,"TEC-AC-10001056,TECNOLOGIA"
35,"MAT-CO-10000736,MATERIAL DE ESCRIT�RIO"
35,"MAT-CO-10002558,MATERIAL DE ESCRIT�RIO"
35,"MAT-CO-10000655,MATERIAL DE ESCRIT�RIO"
35,"MAT-CO-10002266,MATERIAL DE ESCRIT�RIO"
35,"MAT-PA-10000551,MATERIAL DE ESCRIT�RIO"
35,"M�V-CA-10004442,M�VEIS"
35,"TEC-AC-10002930,TECNOLOGIA"
35,"MAT-AR-10001938,MATERIAL DE ESCRIT�RIO"
35,"TEC-AC-10001228,TECNOLOGIA"
35,"MAT-PA-10002624,MATERIAL DE ESCRIT�RIO"
35,"TEC-AC-10003433,TECNOLOGIA"
35,"MAT-FI-10000789,MATERIAL DE ESCRIT�RIO"
35,"MAT-EN-10001223,MATERIAL DE ESCRIT�RIO"
35,"MAT-AR-10004952,MATERIAL DE ESCRIT�RIO"
35,"TEC-CO-10001147,TECNOLOGIA"
35,"TEC-TE-10001816,TECNOLOGIA"
35,"M�V-CA-10001309,M�VEIS"
35,"MAT-AR-10004653,MATERIAL DE ESCRIT�RIO"
34,"M�V-M�-10001267,M�VEIS"
34,"MAT-EN-10004627,MATERIAL DE ESCRIT�RIO"
34,"MAT-CO-10004510,MATERIAL DE ESCRIT�RIO"
34,"TEC-TE-10002243,TECNOLOGIA"
34,"M�V-ES-10000519,M�VEIS"
34,"TEC-AC-10003930,TECNOLOGIA"
34,"M�V-M�-10001468,M�VEIS"
34,"MAT-ET-10003735,MATERIAL DE ESCRIT�RIO"
34,"MAT-AR-10002851,MATERIAL DE ESCRIT�RIO"
34,"MAT-PA-10000202,MATERIAL DE ESCRIT�RIO"
34,"MAT-MA-10003141,MATERIAL DE ESCRIT�RIO"
34,"MAT-AR-10004222,MATERIAL DE ESCRIT�RIO"
34,"MAT-EN-10001487,MATERIAL DE ESCRIT�RIO"
34,"M�V-M�-10004377,M�VEIS"
34,"MAT-ET-10003335,MATERIAL DE ESCRIT�RIO"
34,"MAT-EN-10003067,MATERIAL DE ESCRIT�RIO"
34,"MAT-EN-10002723,MATERIAL DE ESCRIT�RIO"
33,"M�V-ES-10003175,M�VEIS"
33,"MAT-FI-10003525,MATERIAL DE ESCRIT�RIO"
33,"M�V-ES-10000484,M�VEIS"
33,"M�V-CA-10004084,M�VEIS"
33,"MAT-MA-10002987,MATERIAL DE ESCRIT�RIO"
33,"MAT-AR-10005000,MATERIAL DE ESCRIT�RIO"
33,"MAT-ET-10000900,MATERIAL DE ESCRIT�RIO"
33,"TEC-AC-10002413,TECNOLOGIA"
33,"TEC-CO-10001366,TECNOLOGIA"
33,"MAT-AR-10001936,MATERIAL DE ESCRIT�RIO"
33,"MAT-ET-10001028,MATERIAL DE ESCRIT�RIO"
33,"MAT-ET-10000988,MATERIAL DE ESCRIT�RIO"
33,"MAT-FI-10001531,MATERIAL DE ESCRIT�RIO"
33,"MAT-CO-10001844,MATERIAL DE ESCRIT�RIO"
33,"MAT-PA-10001825,MATERIAL DE ESCRIT�RIO"
33,"MAT-AR-10004875,MATERIAL DE ESCRIT�RIO"
33,"TEC-CO-10003215,TECNOLOGIA"
33,"MAT-FI-10004341,MATERIAL DE ESCRIT�RIO"
33,"MAT-AR-10002688,MATERIAL DE ESCRIT�RIO"
33,"TEC-TE-10001609,TECNOLOGIA"
33,"M�V-CA-10003020,M�VEIS"
33,"MAT-EN-10003030,MATERIAL DE ESCRIT�RIO"
33,"M�V-M�-10001428,M�VEIS"
32,"MAT-AR-10001017,MATERIAL DE ESCRIT�RIO"
32,"MAT-PA-10000782,MATERIAL DE ESCRIT�RIO"
32,"MAT-PA-10001484,MATERIAL DE ESCRIT�RIO"
32,"MAT-EN-10002793,MATERIAL DE ESCRIT�RIO"
32,"MAT-FI-10000911,MATERIAL DE ESCRIT�RIO"
32,"TEC-AC-10000251,TECNOLOGIA"
32,"TEC-AC-10002860,TECNOLOGIA"
32,"M�V-CA-10001371,M�VEIS"
32,"MAT-AR-10001422,MATERIAL DE ESCRIT�RIO"
32,"TEC-TE-10002883,TECNOLOGIA"
32,"MAT-FI-10004410,MATERIAL DE ESCRIT�RIO"
32,"MAT-CO-10002080,MATERIAL DE ESCRIT�RIO"
32,"TEC-AC-10001104,TECNOLOGIA"
32,"MAT-AR-10003992,MATERIAL DE ESCRIT�RIO"
32,"TEC-TE-10004795,TECNOLOGIA"
32,"M�V-M�-10004383,M�VEIS"
32,"M�V-M�-10000693,M�VEIS"
32,"MAT-FI-10002381,MATERIAL DE ESCRIT�RIO"
32,"TEC-AC-10000168,TECNOLOGIA"
32,"TEC-TE-10002655,TECNOLOGIA"
32,"MAT-AR-10002066,MATERIAL DE ESCRIT�RIO"
32,"MAT-AR-10002253,MATERIAL DE ESCRIT�RIO"
32,"M�V-CA-10002542,M�VEIS"
32,"MAT-AR-10003740,MATERIAL DE ESCRIT�RIO"
32,"MAT-AR-10003294,MATERIAL DE ESCRIT�RIO"
32,"TEC-TE-10001342,TECNOLOGIA"
32,"MAT-CO-10000256,MATERIAL DE ESCRIT�RIO"
32,"M�V-M�-10000513,M�VEIS"
32,"MAT-AR-10003843,MATERIAL DE ESCRIT�RIO"
32,"MAT-FI-10004310,MATERIAL DE ESCRIT�RIO"
32,"MAT-ET-10003933,MATERIAL DE ESCRIT�RIO"
32,"TEC-TE-10004369,TECNOLOGIA"
32,"TEC-TE-10001137,TECNOLOGIA"
31,"M�V-CA-10000433,M�VEIS"
31,"M�V-CA-10000729,M�VEIS"
31,"MAT-FI-10002494,MATERIAL DE ESCRIT�RIO"
31,"MAT-EN-10003914,MATERIAL DE ESCRIT�RIO"
31,"M�V-M�-10004592,M�VEIS"
31,"MAT-FI-10002870,MATERIAL DE ESCRIT�RIO"
31,"MAT-ET-10003789,MATERIAL DE ESCRIT�RIO"
31,"MAT-AR-10003215,MATERIAL DE ESCRIT�RIO"
31,"TEC-TE-10001415,TECNOLOGIA"
31,"MAT-CO-10002572,MATERIAL DE ESCRIT�RIO"
31,"TEC-TE-10002423,TECNOLOGIA"
31,"MAT-MA-10002428,MATERIAL DE ESCRIT�RIO"
31,"M�V-ES-10004839,M�VEIS"
31,"TEC-AC-10001364,TECNOLOGIA"
31,"MAT-AR-10000892,MATERIAL DE ESCRIT�RIO"
31,"M�V-M�-10004431,M�VEIS"
31,"M�V-ES-10002947,M�VEIS"
31,"MAT-EN-10003101,MATERIAL DE ESCRIT�RIO"
31,"MAT-PA-10000410,MATERIAL DE ESCRIT�RIO"
31,"M�V-ES-10001606,M�VEIS"
31,"MAT-AC-10004881,MATERIAL DE ESCRIT�RIO"
31,"TEC-CO-10001192,TECNOLOGIA"
31,"MAT-FI-10001391,MATERIAL DE ESCRIT�RIO"
31,"MAT-FI-10001935,MATERIAL DE ESCRIT�RIO"
31,"M�V-CA-10000085,M�VEIS"
31,"MAT-MA-10004847,MATERIAL DE ESCRIT�RIO"
31,"MAT-FI-10000594,MATERIAL DE ESCRIT�RIO"
31,"MAT-AR-10004226,MATERIAL DE ESCRIT�RIO"
31,"MAT-FI-10003225,MATERIAL DE ESCRIT�RIO"
31,"TEC-AC-10002935,TECNOLOGIA"
31,"MAT-ET-10001203,MATERIAL DE ESCRIT�RIO"
31,"M�V-CA-10001415,M�VEIS"
30,"MAT-MA-10000459,MATERIAL DE ESCRIT�RIO"
30,"MAT-PA-10003262,MATERIAL DE ESCRIT�RIO"
30,"TEC-CO-10002761,TECNOLOGIA"
30,"MAT-AC-10001458,MATERIAL DE ESCRIT�RIO"
30,"M�V-ES-10003535,M�VEIS"
30,"MAT-MA-10002310,MATERIAL DE ESCRIT�RIO"
30,"MAT-EN-10003354,MATERIAL DE ESCRIT�RIO"
30,"MAT-AR-10004564,MATERIAL DE ESCRIT�RIO"
30,"M�V-M�-10002552,M�VEIS"
30,"M�V-CA-10002633,M�VEIS"
30,"MAT-MA-10004123,MATERIAL DE ESCRIT�RIO"
30,"M�V-CA-10001610,M�VEIS"
30,"MAT-AR-10000119,MATERIAL DE ESCRIT�RIO"
30,"MAT-CO-10000763,MATERIAL DE ESCRIT�RIO"
30,"MAT-MA-10004042,MATERIAL DE ESCRIT�RIO"
30,"MAT-FI-10000250,MATERIAL DE ESCRIT�RIO"
30,"MAT-EN-10000216,MATERIAL DE ESCRIT�RIO"
30,"MAT-FI-10000063,MATERIAL DE ESCRIT�RIO"
30,"MAT-ET-10004607,MATERIAL DE ESCRIT�RIO"
30,"MAT-FI-10003889,MATERIAL DE ESCRIT�RIO"
30,"MAT-CO-10001655,MATERIAL DE ESCRIT�RIO"
30,"MAT-MA-10002485,MATERIAL DE ESCRIT�RIO"
30,"TEC-TE-10000334,TECNOLOGIA"
30,"MAT-ET-10002680,MATERIAL DE ESCRIT�RIO"
30,"MAT-EN-10000871,MATERIAL DE ESCRIT�RIO"
30,"MAT-AR-10000288,MATERIAL DE ESCRIT�RIO"
30,"MAT-MA-10002935,MATERIAL DE ESCRIT�RIO"
30,"MAT-EN-10004767,MATERIAL DE ESCRIT�RIO"
30,"MAT-PA-10004608,MATERIAL DE ESCRIT�RIO"
30,"M�V-M�-10003224,M�VEIS"
30,"M�V-M�-10000807,M�VEIS"
30,"TEC-CO-10001549,TECNOLOGIA"
30,"M�V-M�-10002335,M�VEIS"
30,"TEC-AC-10002265,TECNOLOGIA"
30,"MAT-EN-10004273,MATERIAL DE ESCRIT�RIO"
29,"MAT-AR-10000184,MATERIAL DE ESCRIT�RIO"
29,"MAT-PA-10000502,MATERIAL DE ESCRIT�RIO"
29,"M�V-M�-10002503,M�VEIS"
29,"M�V-M�-10001850,M�VEIS"
29,"TEC-CO-10004626,TECNOLOGIA"
29,"MAT-MA-10000769,MATERIAL DE ESCRIT�RIO"
29,"MAT-FI-10001929,MATERIAL DE ESCRIT�RIO"
29,"M�V-M�-10004932,M�VEIS"
29,"MAT-ET-10000111,MATERIAL DE ESCRIT�RIO"
29,"MAT-ET-10000494,MATERIAL DE ESCRIT�RIO"
29,"M�V-CA-10004178,M�VEIS"
29,"MAT-ET-10000397,MATERIAL DE ESCRIT�RIO"
29,"MAT-CO-10003584,MATERIAL DE ESCRIT�RIO"
29,"TEC-AC-10003597,TECNOLOGIA"
29,"M�V-CA-10002356,M�VEIS"
29,"MAT-AR-10004937,MATERIAL DE ESCRIT�RIO"
29,"MAT-AR-10004955,MATERIAL DE ESCRIT�RIO"
29,"TEC-TE-10003746,TECNOLOGIA"
29,"MAT-MA-10002656,MATERIAL DE ESCRIT�RIO"
29,"MAT-CO-10000999,MATERIAL DE ESCRIT�RIO"
29,"M�V-CA-10003721,M�VEIS"
29,"MAT-MA-10000201,MATERIAL DE ESCRIT�RIO"
29,"MAT-FI-10002918,MATERIAL DE ESCRIT�RIO"
29,"MAT-EN-10003731,MATERIAL DE ESCRIT�RIO"
29,"TEC-CO-10002825,TECNOLOGIA"
29,"MAT-ET-10002536,MATERIAL DE ESCRIT�RIO"
29,"MAT-FI-10002664,MATERIAL DE ESCRIT�RIO"
29,"MAT-ET-10002675,MATERIAL DE ESCRIT�RIO"
29,"MAT-FI-10002905,MATERIAL DE ESCRIT�RIO"
29,"MAT-EN-10001135,MATERIAL DE ESCRIT�RIO"
29,"TEC-AC-10004115,TECNOLOGIA"
29,"M�V-CA-10003172,M�VEIS"
29,"MAT-FI-10001513,MATERIAL DE ESCRIT�RIO"
29,"TEC-AC-10002012,TECNOLOGIA"
28,"M�V-ES-10004190,M�VEIS"
28,"M�V-M�-10002143,M�VEIS"
28,"M�V-CA-10003610,M�VEIS"
28,"M�V-ES-10000624,M�VEIS"
28,"TEC-TE-10000636,TECNOLOGIA"
28,"TEC-CO-10002556,TECNOLOGIA"
28,"M�V-ES-10001160,M�VEIS"
28,"MAT-AR-10004926,MATERIAL DE ESCRIT�RIO"
28,"MAT-AR-10003031,MATERIAL DE ESCRIT�RIO"
28,"M�V-CA-10001195,M�VEIS"
28,"MAT-ET-10003958,MATERIAL DE ESCRIT�RIO"
28,"M�V-ES-10004806,M�VEIS"
28,"TEC-CO-10002822,TECNOLOGIA"
28,"MAT-AR-10003462,MATERIAL DE ESCRIT�RIO"
28,"MAT-MA-10002004,MATERIAL DE ESCRIT�RIO"
28,"M�V-ES-10002310,M�VEIS"
28,"MAT-PA-10000863,MATERIAL DE ESCRIT�RIO"
28,"MAT-AR-10002650,MATERIAL DE ESCRIT�RIO"
28,"MAT-CO-10002105,MATERIAL DE ESCRIT�RIO"
28,"MAT-MA-10000125,MATERIAL DE ESCRIT�RIO"
28,"M�V-ES-10004528,M�VEIS"
28,"M�V-ES-10004894,M�VEIS"
28,"TEC-AC-10001901,TECNOLOGIA"
28,"MAT-PA-10003704,MATERIAL DE ESCRIT�RIO"
28,"TEC-CO-10001592,TECNOLOGIA"
28,"TEC-CO-10003495,TECNOLOGIA"
28,"TEC-TE-10000505,TECNOLOGIA"
28,"MAT-PA-10001670,MATERIAL DE ESCRIT�RIO"
28,"MAT-FI-10002569,MATERIAL DE ESCRIT�RIO"
28,"MAT-EN-10004392,MATERIAL DE ESCRIT�RIO"
28,"MAT-FI-10004886,MATERIAL DE ESCRIT�RIO"
28,"M�V-M�-10002986,M�VEIS"
28,"TEC-TE-10004040,TECNOLOGIA"
28,"TEC-AC-10003967,TECNOLOGIA"
28,"MAT-PA-10000402,MATERIAL DE ESCRIT�RIO"
28,"MAT-CO-10002533,MATERIAL DE ESCRIT�RIO"
28,"MAT-EN-10004471,MATERIAL DE ESCRIT�RIO"
28,"MAT-CO-10003305,MATERIAL DE ESCRIT�RIO"
28,"TEC-CO-10003794,TECNOLOGIA"
28,"M�V-ES-10004287,M�VEIS"
28,"MAT-AR-10004561,MATERIAL DE ESCRIT�RIO"
28,"TEC-TE-10000976,TECNOLOGIA"
28,"MAT-EN-10003935,MATERIAL DE ESCRIT�RIO"
28,"MAT-PA-10002903,MATERIAL DE ESCRIT�RIO"
28,"TEC-TE-10004172,TECNOLOGIA"
28,"MAT-MA-10003095,MATERIAL DE ESCRIT�RIO"
28,"MAT-AR-10000936,MATERIAL DE ESCRIT�RIO"
27,"TEC-AC-10002390,TECNOLOGIA"
27,"MAT-FI-10000469,MATERIAL DE ESCRIT�RIO"
27,"M�V-CA-10004486,M�VEIS"
27,"M�V-M�-10003106,M�VEIS"
27,"MAT-AR-10001101,MATERIAL DE ESCRIT�RIO"
27,"MAT-CO-10000361,MATERIAL DE ESCRIT�RIO"
27,"TEC-CO-10000545,TECNOLOGIA"
27,"MAT-MA-10002198,MATERIAL DE ESCRIT�RIO"
27,"MAT-CO-10002112,MATERIAL DE ESCRIT�RIO"
27,"MAT-CO-10003641,MATERIAL DE ESCRIT�RIO"
27,"MAT-AR-10004290,MATERIAL DE ESCRIT�RIO"
27,"M�V-CA-10004556,M�VEIS"
27,"MAT-CO-10003733,MATERIAL DE ESCRIT�RIO"
27,"MAT-PA-10001439,MATERIAL DE ESCRIT�RIO"
27,"M�V-CA-10004196,M�VEIS"
27,"MAT-AR-10000333,MATERIAL DE ESCRIT�RIO"
27,"M�V-CA-10001979,M�VEIS"
27,"TEC-CO-10002110,TECNOLOGIA"
27,"M�V-ES-10004606,M�VEIS"
27,"MAT-ET-10003716,MATERIAL DE ESCRIT�RIO"
27,"MAT-FI-10004625,MATERIAL DE ESCRIT�RIO"
27,"MAT-AR-10004188,MATERIAL DE ESCRIT�RIO"
27,"TEC-CO-10000781,TECNOLOGIA"
27,"MAT-ET-10001117,MATERIAL DE ESCRIT�RIO"
27,"MAT-AR-10002543,MATERIAL DE ESCRIT�RIO"
27,"TEC-TE-10002231,TECNOLOGIA"
27,"TEC-CO-10000698,TECNOLOGIA"
27,"TEC-AC-10002586,TECNOLOGIA"
27,"M�V-M�-10000968,M�VEIS"
27,"MAT-AR-10002589,MATERIAL DE ESCRIT�RIO"
27,"M�V-CA-10003217,M�VEIS"
27,"M�V-M�-10004010,M�VEIS"
27,"TEC-TE-10002321,TECNOLOGIA"
27,"MAT-CO-10000869,MATERIAL DE ESCRIT�RIO"
27,"M�V-M�-10003099,M�VEIS"
27,"MAT-EN-10002352,MATERIAL DE ESCRIT�RIO"
27,"MAT-EN-10001667,MATERIAL DE ESCRIT�RIO"
27,"MAT-CO-10000539,MATERIAL DE ESCRIT�RIO"
27,"MAT-EN-10000091,MATERIAL DE ESCRIT�RIO"
27,"M�V-M�-10003235,M�VEIS"
27,"M�V-CA-10000166,M�VEIS"
27,"MAT-CO-10002728,MATERIAL DE ESCRIT�RIO"
27,"M�V-ES-10000191,M�VEIS"
27,"M�V-ES-10000849,M�VEIS"
27,"MAT-FI-10001984,MATERIAL DE ESCRIT�RIO"
27,"M�V-M�-10004672,M�VEIS"
27,"TEC-AC-10003655,TECNOLOGIA"
27,"MAT-MA-10000797,MATERIAL DE ESCRIT�RIO"
26,"MAT-FI-10001257,MATERIAL DE ESCRIT�RIO"
26,"M�V-CA-10000372,M�VEIS"
26,"M�V-CA-10002673,M�VEIS"
26,"MAT-AR-10001693,MATERIAL DE ESCRIT�RIO"
26,"MAT-AR-10001578,MATERIAL DE ESCRIT�RIO"
26,"MAT-MA-10002219,MATERIAL DE ESCRIT�RIO"
26,"MAT-AR-10002782,MATERIAL DE ESCRIT�RIO"
26,"MAT-FI-10001462,MATERIAL DE ESCRIT�RIO"
26,"TEC-AC-10003603,TECNOLOGIA"
26,"MAT-ET-10001567,MATERIAL DE ESCRIT�RIO"
26,"TEC-AC-10004053,TECNOLOGIA"
26,"M�V-CA-10003933,M�VEIS"
26,"MAT-EN-10001004,MATERIAL DE ESCRIT�RIO"
26,"MAT-PA-10004245,MATERIAL DE ESCRIT�RIO"
26,"TEC-AC-10002156,TECNOLOGIA"
26,"MAT-AC-10002378,MATERIAL DE ESCRIT�RIO"
26,"MAT-PA-10002074,MATERIAL DE ESCRIT�RIO"
26,"MAT-AR-10001073,MATERIAL DE ESCRIT�RIO"
26,"MAT-AC-10000862,MATERIAL DE ESCRIT�RIO"
26,"MAT-MA-10003188,MATERIAL DE ESCRIT�RIO"
26,"M�V-ES-10003326,M�VEIS"
26,"M�V-ES-10000868,M�VEIS"
26,"MAT-EN-10004759,MATERIAL DE ESCRIT�RIO"
26,"MAT-MA-10000059,MATERIAL DE ESCRIT�RIO"
26,"TEC-TE-10004559,TECNOLOGIA"
26,"MAT-FI-10001408,MATERIAL DE ESCRIT�RIO"
26,"MAT-PA-10000912,MATERIAL DE ESCRIT�RIO"
26,"MAT-PA-10003362,MATERIAL DE ESCRIT�RIO"
26,"MAT-CO-10003053,MATERIAL DE ESCRIT�RIO"
26,"M�V-M�-10000306,M�VEIS"
26,"MAT-FI-10000309,MATERIAL DE ESCRIT�RIO"
26,"M�V-CA-10004353,M�VEIS"
26,"M�V-M�-10004577,M�VEIS"
26,"M�V-CA-10000946,M�VEIS"
26,"TEC-TE-10001991,TECNOLOGIA"
26,"M�V-M�-10000445,M�VEIS"
26,"MAT-ET-10004842,MATERIAL DE ESCRIT�RIO"
26,"TEC-AC-10004957,TECNOLOGIA"
26,"TEC-TE-10001225,TECNOLOGIA"
26,"M�V-ES-10000469,M�VEIS"
26,"MAT-AR-10003252,MATERIAL DE ESCRIT�RIO"
26,"TEC-CO-10000667,TECNOLOGIA"
26,"MAT-PA-10003911,MATERIAL DE ESCRIT�RIO"
26,"MAT-EN-10004466,MATERIAL DE ESCRIT�RIO"
26,"TEC-AC-10004148,TECNOLOGIA"
26,"MAT-MA-10002131,MATERIAL DE ESCRIT�RIO"
26,"MAT-EN-10004394,MATERIAL DE ESCRIT�RIO"
26,"MAT-PA-10001069,MATERIAL DE ESCRIT�RIO"
25,"M�V-ES-10004633,M�VEIS"
25,"MAT-CO-10004172,MATERIAL DE ESCRIT�RIO"
25,"MAT-ET-10002537,MATERIAL DE ESCRIT�RIO"
25,"M�V-CA-10003678,M�VEIS"
25,"MAT-MA-10001898,MATERIAL DE ESCRIT�RIO"
25,"MAT-AR-10004711,MATERIAL DE ESCRIT�RIO"
25,"M�V-CA-10004383,M�VEIS"
25,"MAT-AR-10004326,MATERIAL DE ESCRIT�RIO"
25,"MAT-AR-10004438,MATERIAL DE ESCRIT�RIO"
25,"MAT-AC-10002035,MATERIAL DE ESCRIT�RIO"
25,"MAT-ET-10002506,MATERIAL DE ESCRIT�RIO"
25,"MAT-MA-10002233,MATERIAL DE ESCRIT�RIO"
25,"MAT-FI-10000452,MATERIAL DE ESCRIT�RIO"
25,"MAT-MA-10000848,MATERIAL DE ESCRIT�RIO"
25,"MAT-PA-10003161,MATERIAL DE ESCRIT�RIO"
25,"TEC-TE-10004236,TECNOLOGIA"
25,"MAT-PA-10003325,MATERIAL DE ESCRIT�RIO"
25,"MAT-PA-10004249,MATERIAL DE ESCRIT�RIO"
25,"MAT-PA-10004384,MATERIAL DE ESCRIT�RIO"
25,"MAT-AR-10000586,MATERIAL DE ESCRIT�RIO"
25,"MAT-AR-10004683,MATERIAL DE ESCRIT�RIO"
25,"MAT-ET-10004470,MATERIAL DE ESCRIT�RIO"
25,"M�V-CA-10004138,M�VEIS"
25,"TEC-AC-10002042,TECNOLOGIA"
25,"MAT-CO-10004279,MATERIAL DE ESCRIT�RIO"
25,"MAT-EN-10003545,MATERIAL DE ESCRIT�RIO"
25,"M�V-ES-10003148,M�VEIS"
25,"M�V-ES-10001953,M�VEIS"
25,"TEC-TE-10004869,TECNOLOGIA"
25,"M�V-ES-10004961,M�VEIS"
25,"MAT-AR-10001953,MATERIAL DE ESCRIT�RIO"
25,"M�V-CA-10002735,M�VEIS"
25,"MAT-AR-10000358,MATERIAL DE ESCRIT�RIO"
25,"M�V-M�-10002034,M�VEIS"
25,"TEC-TE-10002121,TECNOLOGIA"
25,"MAT-AR-10002132,MATERIAL DE ESCRIT�RIO"
25,"MAT-AR-10004761,MATERIAL DE ESCRIT�RIO"
25,"M�V-ES-10000391,M�VEIS"
25,"MAT-FI-10002581,MATERIAL DE ESCRIT�RIO"
25,"MAT-AC-10000074,MATERIAL DE ESCRIT�RIO"
25,"TEC-TE-10000200,TECNOLOGIA"
25,"MAT-ET-10001029,MATERIAL DE ESCRIT�RIO"
25,"MAT-MA-10002027,MATERIAL DE ESCRIT�RIO"
25,"MAT-MA-10001734,MATERIAL DE ESCRIT�RIO"
25,"M�V-ES-10002892,M�VEIS"
25,"MAT-ET-10000152,MATERIAL DE ESCRIT�RIO"
25,"MAT-AR-10003036,MATERIAL DE ESCRIT�RIO"
25,"TEC-CO-10001697,TECNOLOGIA"
25,"TEC-TE-10003661,TECNOLOGIA"
25,"MAT-FI-10002008,MATERIAL DE ESCRIT�RIO"
25,"MAT-CO-10003592,MATERIAL DE ESCRIT�RIO"
25,"MAT-CO-10001583,MATERIAL DE ESCRIT�RIO"
25,"M�V-CA-10000195,M�VEIS"
24,"MAT-MA-10001124,MATERIAL DE ESCRIT�RIO"
24,"MAT-CO-10001629,MATERIAL DE ESCRIT�RIO"
24,"MAT-CO-10004277,MATERIAL DE ESCRIT�RIO"
24,"M�V-M�-10004329,M�VEIS"
24,"MAT-CO-10001674,MATERIAL DE ESCRIT�RIO"
24,"MAT-FI-10003284,MATERIAL DE ESCRIT�RIO"
24,"M�V-ES-10002291,M�VEIS"
24,"TEC-AC-10001287,TECNOLOGIA"
24,"MAT-AR-10002737,MATERIAL DE ESCRIT�RIO"
24,"MAT-MA-10002657,MATERIAL DE ESCRIT�RIO"
24,"MAT-PA-10004935,MATERIAL DE ESCRIT�RIO"
24,"MAT-EN-10003268,MATERIAL DE ESCRIT�RIO"
24,"TEC-TE-10003006,TECNOLOGIA"
24,"MAT-EN-10000610,MATERIAL DE ESCRIT�RIO"
24,"MAT-EN-10000386,MATERIAL DE ESCRIT�RIO"
24,"TEC-TE-10004696,TECNOLOGIA"
24,"MAT-EN-10004625,MATERIAL DE ESCRIT�RIO"
24,"MAT-FI-10003288,MATERIAL DE ESCRIT�RIO"
24,"MAT-AR-10000063,MATERIAL DE ESCRIT�RIO"
24,"MAT-AC-10002466,MATERIAL DE ESCRIT�RIO"
24,"MAT-CO-10001160,MATERIAL DE ESCRIT�RIO"
24,"MAT-MA-10002378,MATERIAL DE ESCRIT�RIO"
24,"M�V-ES-10000749,M�VEIS"
24,"MAT-CO-10001707,MATERIAL DE ESCRIT�RIO"
24,"MAT-AR-10004538,MATERIAL DE ESCRIT�RIO"
24,"MAT-EN-10000372,MATERIAL DE ESCRIT�RIO"
24,"MAT-ET-10001319,MATERIAL DE ESCRIT�RIO"
24,"MAT-AR-10001838,MATERIAL DE ESCRIT�RIO"
24,"TEC-CO-10003064,TECNOLOGIA"
24,"MAT-CO-10003781,MATERIAL DE ESCRIT�RIO"
24,"MAT-CO-10002618,MATERIAL DE ESCRIT�RIO"
24,"MAT-AR-10000174,MATERIAL DE ESCRIT�RIO"
24,"MAT-PA-10000497,MATERIAL DE ESCRIT�RIO"
24,"M�V-CA-10003855,M�VEIS"
24,"TEC-TE-10000783,TECNOLOGIA"
24,"MAT-AR-10003098,MATERIAL DE ESCRIT�RIO"
24,"M�V-CA-10003666,M�VEIS"
24,"M�V-CA-10003523,M�VEIS"
24,"MAT-PA-10002996,MATERIAL DE ESCRIT�RIO"
24,"M�V-M�-10003291,M�VEIS"
24,"MAT-PA-10000521,MATERIAL DE ESCRIT�RIO"
24,"MAT-AR-10001836,MATERIAL DE ESCRIT�RIO"
24,"M�V-CA-10002043,M�VEIS"
24,"MAT-AR-10000011,MATERIAL DE ESCRIT�RIO"
24,"MAT-FI-10002374,MATERIAL DE ESCRIT�RIO"
24,"MAT-AR-10002901,MATERIAL DE ESCRIT�RIO"
24,"MAT-ET-10002699,MATERIAL DE ESCRIT�RIO"
24,"MAT-EN-10003803,MATERIAL DE ESCRIT�RIO"
24,"MAT-ET-10002208,MATERIAL DE ESCRIT�RIO"
24,"MAT-AR-10000433,MATERIAL DE ESCRIT�RIO"
24,"MAT-PA-10004530,MATERIAL DE ESCRIT�RIO"
24,"MAT-AR-10004134,MATERIAL DE ESCRIT�RIO"
24,"M�V-CA-10004461,M�VEIS"
24,"MAT-EN-10002680,MATERIAL DE ESCRIT�RIO"
24,"TEC-CO-10000694,TECNOLOGIA"
24,"MAT-ET-10000301,MATERIAL DE ESCRIT�RIO"
24,"M�V-CA-10000737,M�VEIS"
24,"MAT-ET-10004150,MATERIAL DE ESCRIT�RIO"
24,"MAT-PA-10003685,MATERIAL DE ESCRIT�RIO"
24,"MAT-AC-10002256,MATERIAL DE ESCRIT�RIO"
24,"MAT-AR-10001300,MATERIAL DE ESCRIT�RIO"
24,"TEC-AC-10002133,TECNOLOGIA"
24,"MAT-EN-10001731,MATERIAL DE ESCRIT�RIO"
24,"MAT-MA-10000119,MATERIAL DE ESCRIT�RIO"
24,"TEC-CO-10000696,TECNOLOGIA"
24,"MAT-FI-10003063,MATERIAL DE ESCRIT�RIO"
24,"TEC-TE-10001711,TECNOLOGIA"
23,"MAT-CO-10003823,MATERIAL DE ESCRIT�RIO"
23,"MAT-PA-10000933,MATERIAL DE ESCRIT�RIO"
23,"MAT-ET-10000489,MATERIAL DE ESCRIT�RIO"
23,"MAT-MA-10003063,MATERIAL DE ESCRIT�RIO"
23,"TEC-CO-10000626,TECNOLOGIA"
23,"M�V-ES-10000756,M�VEIS"
23,"MAT-FI-10001619,MATERIAL DE ESCRIT�RIO"
23,"MAT-AR-10001150,MATERIAL DE ESCRIT�RIO"
23,"TEC-TE-10001770,TECNOLOGIA"
23,"TEC-AC-10004370,TECNOLOGIA"
23,"TEC-AC-10003371,TECNOLOGIA"
23,"TEC-TE-10002304,TECNOLOGIA"
23,"MAT-EN-10001718,MATERIAL DE ESCRIT�RIO"
23,"M�V-M�-10000666,M�VEIS"
23,"TEC-CO-10003959,TECNOLOGIA"
23,"TEC-CO-10000864,TECNOLOGIA"
23,"MAT-EN-10004315,MATERIAL DE ESCRIT�RIO"
23,"MAT-MA-10004420,MATERIAL DE ESCRIT�RIO"
23,"MAT-MA-10001508,MATERIAL DE ESCRIT�RIO"
23,"MAT-AR-10001866,MATERIAL DE ESCRIT�RIO"
23,"MAT-AR-10003707,MATERIAL DE ESCRIT�RIO"
23,"MAT-EN-10000955,MATERIAL DE ESCRIT�RIO"
23,"MAT-FI-10000380,MATERIAL DE ESCRIT�RIO"
23,"M�V-CA-10004251,M�VEIS"
23,"MAT-ET-10002096,MATERIAL DE ESCRIT�RIO"
23,"TEC-TE-10002385,TECNOLOGIA"
23,"MAT-EN-10002048,MATERIAL DE ESCRIT�RIO"
23,"TEC-AC-10003695,TECNOLOGIA"
23,"M�V-CA-10002911,M�VEIS"
23,"MAT-AR-10004675,MATERIAL DE ESCRIT�RIO"
23,"MAT-ET-10000220,MATERIAL DE ESCRIT�RIO"
23,"MAT-MA-10001839,MATERIAL DE ESCRIT�RIO"
23,"MAT-MA-10004629,MATERIAL DE ESCRIT�RIO"
23,"TEC-TE-10001522,TECNOLOGIA"
23,"MAT-PA-10000941,MATERIAL DE ESCRIT�RIO"
23,"MAT-EN-10000844,MATERIAL DE ESCRIT�RIO"
23,"MAT-EN-10000729,MATERIAL DE ESCRIT�RIO"
23,"MAT-EN-10004039,MATERIAL DE ESCRIT�RIO"
23,"M�V-M�-10004557,M�VEIS"
23,"MAT-AR-10002071,MATERIAL DE ESCRIT�RIO"
23,"M�V-M�-10000012,M�VEIS"
23,"TEC-AC-10004713,TECNOLOGIA"
23,"M�V-CA-10000418,M�VEIS"
23,"M�V-CA-10002854,M�VEIS"
23,"M�V-ES-10002342,M�VEIS"
23,"MAT-FI-10002189,MATERIAL DE ESCRIT�RIO"
23,"M�V-ES-10003570,M�VEIS"
23,"MAT-AR-10002024,MATERIAL DE ESCRIT�RIO"
23,"MAT-EN-10000107,MATERIAL DE ESCRIT�RIO"
23,"MAT-ET-10000190,MATERIAL DE ESCRIT�RIO"
23,"M�V-ES-10000975,M�VEIS"
23,"M�V-M�-10000630,M�VEIS"
23,"M�V-CA-10004119,M�VEIS"
22,"MAT-AR-10003549,MATERIAL DE ESCRIT�RIO"
22,"MAT-PA-10002524,MATERIAL DE ESCRIT�RIO"
22,"MAT-PA-10000500,MATERIAL DE ESCRIT�RIO"
22,"MAT-EN-10003727,MATERIAL DE ESCRIT�RIO"
22,"TEC-CO-10004163,TECNOLOGIA"
22,"MAT-ET-10002436,MATERIAL DE ESCRIT�RIO"
22,"MAT-PA-10001671,MATERIAL DE ESCRIT�RIO"
22,"MAT-EN-10002113,MATERIAL DE ESCRIT�RIO"
22,"MAT-PA-10004463,MATERIAL DE ESCRIT�RIO"
22,"MAT-PA-10001635,MATERIAL DE ESCRIT�RIO"
22,"MAT-EN-10000753,MATERIAL DE ESCRIT�RIO"
22,"MAT-FI-10000841,MATERIAL DE ESCRIT�RIO"
22,"M�V-ES-10004419,M�VEIS"
22,"M�V-M�-10000550,M�VEIS"
22,"TEC-AC-10003203,TECNOLOGIA"
22,"TEC-AC-10000767,TECNOLOGIA"
22,"MAT-EN-10003231,MATERIAL DE ESCRIT�RIO"
22,"MAT-MA-10001777,MATERIAL DE ESCRIT�RIO"
22,"M�V-M�-10003131,M�VEIS"
22,"MAT-MA-10002286,MATERIAL DE ESCRIT�RIO"
22,"TEC-AC-10001571,TECNOLOGIA"
22,"MAT-AR-10001367,MATERIAL DE ESCRIT�RIO"
22,"TEC-TE-10003228,TECNOLOGIA"
22,"MAT-AR-10001754,MATERIAL DE ESCRIT�RIO"
22,"M�V-CA-10003058,M�VEIS"
22,"MAT-MA-10000372,MATERIAL DE ESCRIT�RIO"
22,"MAT-AR-10000982,MATERIAL DE ESCRIT�RIO"
22,"MAT-CO-10000011,MATERIAL DE ESCRIT�RIO"
22,"MAT-MA-10001621,MATERIAL DE ESCRIT�RIO"
22,"TEC-TE-10002740,TECNOLOGIA"
22,"M�V-CA-10004250,M�VEIS"
22,"TEC-AC-10002876,TECNOLOGIA"
22,"M�V-ES-10003835,M�VEIS"
22,"MAT-AR-10001029,MATERIAL DE ESCRIT�RIO"
22,"TEC-CO-10004780,TECNOLOGIA"
22,"MAT-AR-10003555,MATERIAL DE ESCRIT�RIO"
22,"MAT-PA-10004606,MATERIAL DE ESCRIT�RIO"
22,"MAT-AR-10000059,MATERIAL DE ESCRIT�RIO"
22,"MAT-FI-10000154,MATERIAL DE ESCRIT�RIO"
22,"MAT-ET-10000776,MATERIAL DE ESCRIT�RIO"
22,"TEC-CO-10001826,TECNOLOGIA"
22,"MAT-EN-10001377,MATERIAL DE ESCRIT�RIO"
22,"TEC-AC-10002272,TECNOLOGIA"
22,"MAT-CO-10003743,MATERIAL DE ESCRIT�RIO"
22,"M�V-M�-10003020,M�VEIS"
22,"MAT-AR-10004163,MATERIAL DE ESCRIT�RIO"
22,"MAT-AC-10003473,MATERIAL DE ESCRIT�RIO"
22,"MAT-AR-10003278,MATERIAL DE ESCRIT�RIO"
22,"M�V-ES-10000632,M�VEIS"
22,"M�V-CA-10002982,M�VEIS"
22,"MAT-ET-10000097,MATERIAL DE ESCRIT�RIO"
22,"MAT-MA-10003716,MATERIAL DE ESCRIT�RIO"
21,"TEC-TE-10004447,TECNOLOGIA"
21,"TEC-CO-10003504,TECNOLOGIA"
21,"MAT-AR-10001356,MATERIAL DE ESCRIT�RIO"
21,"M�V-CA-10004688,M�VEIS"
21,"MAT-AR-10002401,MATERIAL DE ESCRIT�RIO"
21,"MAT-MA-10000282,MATERIAL DE ESCRIT�RIO"
21,"M�V-ES-10001915,M�VEIS"
21,"M�V-M�-10001290,M�VEIS"
21,"TEC-AC-10000628,TECNOLOGIA"
21,"M�V-ES-10001740,M�VEIS"
21,"MAT-CO-10002916,MATERIAL DE ESCRIT�RIO"
21,"M�V-M�-10003379,M�VEIS"
21,"MAT-AR-10003499,MATERIAL DE ESCRIT�RIO"
21,"TEC-TE-10002896,TECNOLOGIA"
21,"M�V-ES-10000103,M�VEIS"
21,"TEC-CO-10001917,TECNOLOGIA"
21,"MAT-PA-10003486,MATERIAL DE ESCRIT�RIO"
21,"MAT-AR-10004920,MATERIAL DE ESCRIT�RIO"
21,"MAT-MA-10001922,MATERIAL DE ESCRIT�RIO"
21,"M�V-M�-10001573,M�VEIS"
21,"TEC-CO-10001463,TECNOLOGIA"
21,"MAT-AC-10004091,MATERIAL DE ESCRIT�RIO"
21,"M�V-M�-10002286,M�VEIS"
21,"MAT-FI-10001059,MATERIAL DE ESCRIT�RIO"
21,"TEC-AC-10002686,TECNOLOGIA"
21,"MAT-FI-10000270,MATERIAL DE ESCRIT�RIO"
21,"MAT-FI-10001314,MATERIAL DE ESCRIT�RIO"
21,"TEC-TE-10001459,TECNOLOGIA"
21,"M�V-CA-10002213,M�VEIS"
21,"TEC-CO-10003089,TECNOLOGIA"
21,"TEC-CO-10004220,TECNOLOGIA"
21,"MAT-ET-10004836,MATERIAL DE ESCRIT�RIO"
21,"MAT-EN-10002322,MATERIAL DE ESCRIT�RIO"
21,"MAT-CO-10001898,MATERIAL DE ESCRIT�RIO"
21,"MAT-CO-10004945,MATERIAL DE ESCRIT�RIO"
21,"MAT-PA-10001982,MATERIAL DE ESCRIT�RIO"
21,"TEC-AC-10001673,TECNOLOGIA"
21,"MAT-FI-10000163,MATERIAL DE ESCRIT�RIO"
21,"MAT-MA-10003006,MATERIAL DE ESCRIT�RIO"
21,"M�V-CA-10004902,M�VEIS"
21,"M�V-ES-10003839,M�VEIS"
21,"TEC-CO-10004698,TECNOLOGIA"
21,"MAT-ET-10001250,MATERIAL DE ESCRIT�RIO"
21,"M�V-CA-10000984,M�VEIS"
21,"M�V-ES-10001624,M�VEIS"
21,"TEC-AC-10002784,TECNOLOGIA"
21,"M�V-ES-10004807,M�VEIS"
21,"M�V-M�-10003693,M�VEIS"
21,"MAT-FI-10003636,MATERIAL DE ESCRIT�RIO"
21,"TEC-AC-10002908,TECNOLOGIA"
21,"TEC-AC-10001631,TECNOLOGIA"
21,"MAT-AR-10001627,MATERIAL DE ESCRIT�RIO"
21,"MAT-AR-10000653,MATERIAL DE ESCRIT�RIO"
21,"M�V-M�-10000559,M�VEIS"
21,"MAT-EN-10000583,MATERIAL DE ESCRIT�RIO"
21,"TEC-TE-10003100,TECNOLOGIA"
21,"M�V-ES-10002278,M�VEIS"
21,"M�V-CA-10004997,M�VEIS"
20,"MAT-PA-10001169,MATERIAL DE ESCRIT�RIO"
20,"MAT-FI-10003394,MATERIAL DE ESCRIT�RIO"
20,"M�V-ES-10001014,M�VEIS"
20,"MAT-AR-10004935,MATERIAL DE ESCRIT�RIO"
20,"MAT-AC-10001623,MATERIAL DE ESCRIT�RIO"
20,"MAT-FI-10000564,MATERIAL DE ESCRIT�RIO"
20,"MAT-MA-10003531,MATERIAL DE ESCRIT�RIO"
20,"TEC-CO-10002446,TECNOLOGIA"
20,"M�V-CA-10002428,M�VEIS"
20,"MAT-AR-10003657,MATERIAL DE ESCRIT�RIO"
20,"M�V-CA-10000349,M�VEIS"
20,"MAT-EN-10001763,MATERIAL DE ESCRIT�RIO"
20,"TEC-CO-10001546,TECNOLOGIA"
20,"MAT-ET-10004236,MATERIAL DE ESCRIT�RIO"
20,"M�V-M�-10004941,M�VEIS"
20,"MAT-PA-10004531,MATERIAL DE ESCRIT�RIO"
20,"MAT-CO-10002929,MATERIAL DE ESCRIT�RIO"
20,"MAT-AR-10004292,MATERIAL DE ESCRIT�RIO"
20,"MAT-EN-10001040,MATERIAL DE ESCRIT�RIO"
20,"MAT-PA-10003844,MATERIAL DE ESCRIT�RIO"
20,"M�V-ES-10001838,M�VEIS"
20,"MAT-FI-10004986,MATERIAL DE ESCRIT�RIO"
20,"M�V-CA-10003698,M�VEIS"
20,"MAT-CO-10004918,MATERIAL DE ESCRIT�RIO"
20,"MAT-PA-10003589,MATERIAL DE ESCRIT�RIO"
20,"TEC-TE-10004449,TECNOLOGIA"
20,"MAT-FI-10002522,MATERIAL DE ESCRIT�RIO"
20,"TEC-TE-10002210,TECNOLOGIA"
20,"M�V-M�-10000949,M�VEIS"
20,"TEC-TE-10000348,TECNOLOGIA"
20,"MAT-CO-10003946,MATERIAL DE ESCRIT�RIO"
20,"TEC-AC-10004136,TECNOLOGIA"
20,"TEC-CO-10002847,TECNOLOGIA"
20,"M�V-CA-10002605,M�VEIS"
20,"TEC-AC-10002898,TECNOLOGIA"
20,"TEC-TE-10003478,TECNOLOGIA"
20,"MAT-ET-10001326,MATERIAL DE ESCRIT�RIO"
20,"MAT-PA-10003577,MATERIAL DE ESCRIT�RIO"
20,"MAT-PA-10003735,MATERIAL DE ESCRIT�RIO"
20,"TEC-TE-10003955,TECNOLOGIA"
20,"M�V-CA-10004326,M�VEIS"
20,"MAT-ET-10002387,MATERIAL DE ESCRIT�RIO"
20,"MAT-AR-10003090,MATERIAL DE ESCRIT�RIO"
20,"MAT-AR-10001690,MATERIAL DE ESCRIT�RIO"
20,"MAT-AC-10003736,MATERIAL DE ESCRIT�RIO"
20,"TEC-AC-10002180,TECNOLOGIA"
20,"MAT-EN-10001346,MATERIAL DE ESCRIT�RIO"
20,"TEC-M�-10003628,TECNOLOGIA"
20,"MAT-PA-10003102,MATERIAL DE ESCRIT�RIO"
20,"TEC-AC-10001000,TECNOLOGIA"
20,"M�V-M�-10000827,M�VEIS"
20,"MAT-EN-10004688,MATERIAL DE ESCRIT�RIO"
20,"MAT-AR-10001157,MATERIAL DE ESCRIT�RIO"
20,"MAT-PA-10002989,MATERIAL DE ESCRIT�RIO"
20,"M�V-ES-10001154,M�VEIS"
20,"TEC-AC-10003897,TECNOLOGIA"
20,"TEC-TE-10002071,TECNOLOGIA"
20,"M�V-M�-10001297,M�VEIS"
20,"MAT-EN-10004794,MATERIAL DE ESCRIT�RIO"
20,"MAT-EN-10002451,MATERIAL DE ESCRIT�RIO"
20,"MAT-FI-10004576,MATERIAL DE ESCRIT�RIO"
19,"MAT-PA-10004809,MATERIAL DE ESCRIT�RIO"
19,"M�V-ES-10003100,M�VEIS"
19,"TEC-CO-10004255,TECNOLOGIA"
19,"MAT-FI-10003277,MATERIAL DE ESCRIT�RIO"
19,"TEC-CO-10002053,TECNOLOGIA"
19,"MAT-AR-10000124,MATERIAL DE ESCRIT�RIO"
19,"TEC-CO-10000130,TECNOLOGIA"
19,"MAT-MA-10000587,MATERIAL DE ESCRIT�RIO"
19,"M�V-ME-10000701,M�VEIS"
19,"M�V-ES-10003872,M�VEIS"
19,"MAT-EN-10000353,MATERIAL DE ESCRIT�RIO"
19,"MAT-AR-10004344,MATERIAL DE ESCRIT�RIO"
19,"MAT-AR-10000456,MATERIAL DE ESCRIT�RIO"
19,"MAT-AR-10004906,MATERIAL DE ESCRIT�RIO"
19,"TEC-AC-10000042,TECNOLOGIA"
19,"MAT-EN-10000207,MATERIAL DE ESCRIT�RIO"
19,"TEC-CO-10001474,TECNOLOGIA"
19,"MAT-MA-10002451,MATERIAL DE ESCRIT�RIO"
19,"MAT-AR-10000744,MATERIAL DE ESCRIT�RIO"
19,"M�V-M�-10000727,M�VEIS"
19,"MAT-EN-10003284,MATERIAL DE ESCRIT�RIO"
19,"TEC-AC-10003289,TECNOLOGIA"
19,"M�V-CA-10002110,M�VEIS"
19,"MAT-ET-10003039,MATERIAL DE ESCRIT�RIO"
19,"M�V-CA-10000347,M�VEIS"
19,"MAT-AR-10002878,MATERIAL DE ESCRIT�RIO"
19,"TEC-AC-10004046,TECNOLOGIA"
19,"MAT-AC-10002332,MATERIAL DE ESCRIT�RIO"
19,"TEC-CO-10000480,TECNOLOGIA"
19,"M�V-M�-10003429,M�VEIS"
19,"TEC-AC-10001700,TECNOLOGIA"
19,"TEC-CO-10004677,TECNOLOGIA"
19,"MAT-AR-10003464,MATERIAL DE ESCRIT�RIO"
19,"MAT-AR-10000544,MATERIAL DE ESCRIT�RIO"
19,"MAT-CO-10002608,MATERIAL DE ESCRIT�RIO"
19,"MAT-AR-10004160,MATERIAL DE ESCRIT�RIO"
19,"MAT-AR-10004658,MATERIAL DE ESCRIT�RIO"
19,"M�V-CA-10000318,M�VEIS"
19,"M�V-ES-10002183,M�VEIS"
19,"M�V-ES-10001548,M�VEIS"
19,"MAT-EN-10001532,MATERIAL DE ESCRIT�RIO"
19,"TEC-CO-10002926,TECNOLOGIA"
19,"MAT-CO-10000847,MATERIAL DE ESCRIT�RIO"
19,"MAT-MA-10001660,MATERIAL DE ESCRIT�RIO"
19,"MAT-AR-10003795,MATERIAL DE ESCRIT�RIO"
19,"TEC-CO-10003774,TECNOLOGIA"
19,"MAT-ET-10002242,MATERIAL DE ESCRIT�RIO"
19,"MAT-AR-10002099,MATERIAL DE ESCRIT�RIO"
19,"MAT-PA-10002802,MATERIAL DE ESCRIT�RIO"
19,"MAT-AR-10002673,MATERIAL DE ESCRIT�RIO"
19,"MAT-FI-10002459,MATERIAL DE ESCRIT�RIO"
19,"M�V-CA-10000733,M�VEIS"
19,"TEC-CO-10000544,TECNOLOGIA"
19,"M�V-ES-10003257,M�VEIS"
19,"MAT-ET-10001375,MATERIAL DE ESCRIT�RIO"
19,"MAT-PA-10002875,MATERIAL DE ESCRIT�RIO"
19,"MAT-CO-10004773,MATERIAL DE ESCRIT�RIO"
19,"TEC-TE-10003184,TECNOLOGIA"
19,"MAT-AR-10001308,MATERIAL DE ESCRIT�RIO"
19,"TEC-CO-10000153,TECNOLOGIA"
19,"TEC-AC-10000117,TECNOLOGIA"
19,"M�V-CA-10000504,M�VEIS"
19,"TEC-AC-10001565,TECNOLOGIA"
19,"MAT-CO-10004566,MATERIAL DE ESCRIT�RIO"
19,"TEC-CO-10004663,TECNOLOGIA"
19,"TEC-AC-10004300,TECNOLOGIA"
19,"TEC-CO-10003181,TECNOLOGIA"
19,"MAT-AR-10002707,MATERIAL DE ESCRIT�RIO"
19,"MAT-FI-10001890,MATERIAL DE ESCRIT�RIO"
18,"M�V-ES-10002848,M�VEIS"
18,"TEC-TE-10004766,TECNOLOGIA"
18,"MAT-PA-10002540,MATERIAL DE ESCRIT�RIO"
18,"MAT-ET-10004153,MATERIAL DE ESCRIT�RIO"
18,"MAT-CO-10000354,MATERIAL DE ESCRIT�RIO"
18,"MAT-PA-10002155,MATERIAL DE ESCRIT�RIO"
18,"TEC-CO-10001678,TECNOLOGIA"
18,"M�V-M�-10000978,M�VEIS"
18,"MAT-MA-10000695,MATERIAL DE ESCRIT�RIO"
18,"TEC-CO-10000501,TECNOLOGIA"
18,"M�V-ES-10002277,M�VEIS"
18,"MAT-EN-10001820,MATERIAL DE ESCRIT�RIO"
18,"MAT-AC-10003188,MATERIAL DE ESCRIT�RIO"
18,"MAT-AC-10000794,MATERIAL DE ESCRIT�RIO"
18,"M�V-ES-10000385,M�VEIS"
18,"MAT-CO-10000790,MATERIAL DE ESCRIT�RIO"
18,"MAT-AC-10003948,MATERIAL DE ESCRIT�RIO"
18,"MAT-PA-10002377,MATERIAL DE ESCRIT�RIO"
18,"MAT-CO-10003063,MATERIAL DE ESCRIT�RIO"
18,"TEC-CO-10004833,TECNOLOGIA"
18,"MAT-CO-10001559,MATERIAL DE ESCRIT�RIO"
18,"TEC-CO-10003896,TECNOLOGIA"
18,"MAT-EN-10002292,MATERIAL DE ESCRIT�RIO"
18,"MAT-AR-10002762,MATERIAL DE ESCRIT�RIO"
18,"MAT-FI-10004421,MATERIAL DE ESCRIT�RIO"
18,"TEC-TE-10000621,TECNOLOGIA"
18,"TEC-AC-10003186,TECNOLOGIA"
18,"TEC-TE-10003808,TECNOLOGIA"
18,"TEC-CO-10003783,TECNOLOGIA"
18,"TEC-CO-10000089,TECNOLOGIA"
18,"TEC-TE-10000934,TECNOLOGIA"
18,"M�V-ES-10003345,M�VEIS"
18,"MAT-MA-10003288,MATERIAL DE ESCRIT�RIO"
18,"MAT-PA-10000604,MATERIAL DE ESCRIT�RIO"
18,"MAT-EN-10002525,MATERIAL DE ESCRIT�RIO"
18,"TEC-AC-10001101,TECNOLOGIA"
18,"MAT-MA-10004072,MATERIAL DE ESCRIT�RIO"
18,"MAT-AR-10000369,MATERIAL DE ESCRIT�RIO"
18,"M�V-CA-10000711,M�VEIS"
18,"MAT-EN-10001524,MATERIAL DE ESCRIT�RIO"
18,"TEC-TE-10003010,TECNOLOGIA"
18,"M�V-CA-10001183,M�VEIS"
18,"MAT-FI-10000581,MATERIAL DE ESCRIT�RIO"
18,"MAT-MA-10001381,MATERIAL DE ESCRIT�RIO"
18,"TEC-AC-10003819,TECNOLOGIA"
18,"TEC-CO-10001763,TECNOLOGIA"
18,"TEC-CO-10000100,TECNOLOGIA"
18,"MAT-FI-10003793,MATERIAL DE ESCRIT�RIO"
18,"M�V-ES-10003307,M�VEIS"
18,"MAT-ET-10000835,MATERIAL DE ESCRIT�RIO"
18,"M�V-ES-10002838,M�VEIS"
18,"TEC-TE-10002141,TECNOLOGIA"
18,"MAT-FI-10003812,MATERIAL DE ESCRIT�RIO"
18,"TEC-CO-10001260,TECNOLOGIA"
18,"TEC-CO-10001622,TECNOLOGIA"
18,"TEC-CO-10002423,TECNOLOGIA"
17,"M�V-M�-10002222,M�VEIS"
17,"MAT-PA-10001877,MATERIAL DE ESCRIT�RIO"
17,"MAT-CO-10002822,MATERIAL DE ESCRIT�RIO"
17,"MAT-AR-10002108,MATERIAL DE ESCRIT�RIO"
17,"MAT-AR-10002050,MATERIAL DE ESCRIT�RIO"
17,"MAT-EN-10004878,MATERIAL DE ESCRIT�RIO"
17,"TEC-CO-10004172,TECNOLOGIA"
17,"MAT-FI-10001855,MATERIAL DE ESCRIT�RIO"
17,"MAT-EN-10003541,MATERIAL DE ESCRIT�RIO"
17,"M�V-ES-10004617,M�VEIS"
17,"MAT-EN-10003196,MATERIAL DE ESCRIT�RIO"
17,"TEC-AC-10001296,TECNOLOGIA"
17,"M�V-M�-10002372,M�VEIS"
17,"MAT-ET-10004809,MATERIAL DE ESCRIT�RIO"
17,"MAT-CO-10001542,MATERIAL DE ESCRIT�RIO"
17,"MAT-CO-10000897,MATERIAL DE ESCRIT�RIO"
17,"MAT-AR-10000939,MATERIAL DE ESCRIT�RIO"
17,"M�V-CA-10000109,M�VEIS"
17,"MAT-AR-10004276,MATERIAL DE ESCRIT�RIO"
17,"MAT-AR-10002683,MATERIAL DE ESCRIT�RIO"
17,"M�V-CA-10004743,M�VEIS"
17,"TEC-TE-10004216,TECNOLOGIA"
17,"MAT-PA-10003329,MATERIAL DE ESCRIT�RIO"
17,"MAT-CO-10004653,MATERIAL DE ESCRIT�RIO"
17,"MAT-EN-10003491,MATERIAL DE ESCRIT�RIO"
17,"MAT-EN-10001857,MATERIAL DE ESCRIT�RIO"
17,"MAT-AC-10002983,MATERIAL DE ESCRIT�RIO"
17,"MAT-CO-10002664,MATERIAL DE ESCRIT�RIO"
17,"TEC-AC-10000198,TECNOLOGIA"
17,"MAT-AR-10002298,MATERIAL DE ESCRIT�RIO"
17,"MAT-PA-10001824,MATERIAL DE ESCRIT�RIO"
17,"TEC-TE-10001046,TECNOLOGIA"
17,"MAT-AR-10003651,MATERIAL DE ESCRIT�RIO"
17,"MAT-AR-10000520,MATERIAL DE ESCRIT�RIO"
17,"MAT-FI-10001679,MATERIAL DE ESCRIT�RIO"
17,"M�V-M�-10000149,M�VEIS"
17,"M�V-CA-10004440,M�VEIS"
17,"TEC-TE-10002720,TECNOLOGIA"
17,"M�V-ES-10003506,M�VEIS"
17,"MAT-ET-10003842,MATERIAL DE ESCRIT�RIO"
17,"M�V-M�-10003569,M�VEIS"
17,"MAT-AC-10003543,MATERIAL DE ESCRIT�RIO"
17,"TEC-AC-10000584,TECNOLOGIA"
17,"MAT-AR-10002990,MATERIAL DE ESCRIT�RIO"
17,"MAT-AR-10002062,MATERIAL DE ESCRIT�RIO"
17,"M�V-ES-10002320,M�VEIS"
17,"MAT-PA-10002516,MATERIAL DE ESCRIT�RIO"
17,"TEC-TE-10003726,TECNOLOGIA"
17,"M�V-ES-10000146,M�VEIS"
17,"M�V-ES-10004160,M�VEIS"
17,"TEC-CO-10004658,TECNOLOGIA"
17,"TEC-TE-10002183,TECNOLOGIA"
17,"TEC-AC-10003457,TECNOLOGIA"
17,"MAT-PA-10000293,MATERIAL DE ESCRIT�RIO"
17,"MAT-AR-10002107,MATERIAL DE ESCRIT�RIO"
17,"TEC-AC-10000331,TECNOLOGIA"
17,"MAT-EN-10003050,MATERIAL DE ESCRIT�RIO"
17,"MAT-EN-10000062,MATERIAL DE ESCRIT�RIO"
17,"M�V-M�-10003156,M�VEIS"
17,"MAT-ET-10000611,MATERIAL DE ESCRIT�RIO"
17,"M�V-ES-10000416,M�VEIS"
17,"MAT-AR-10001751,MATERIAL DE ESCRIT�RIO"
17,"M�V-ME-10003437,M�VEIS"
17,"MAT-EN-10004129,MATERIAL DE ESCRIT�RIO"
17,"M�V-CA-10003998,M�VEIS"
17,"MAT-PA-10002714,MATERIAL DE ESCRIT�RIO"
17,"MAT-EN-10002585,MATERIAL DE ESCRIT�RIO"
17,"MAT-MA-10001192,MATERIAL DE ESCRIT�RIO"
17,"MAT-PA-10001551,MATERIAL DE ESCRIT�RIO"
17,"MAT-PA-10001401,MATERIAL DE ESCRIT�RIO"
17,"MAT-FI-10000774,MATERIAL DE ESCRIT�RIO"
17,"MAT-FI-10003405,MATERIAL DE ESCRIT�RIO"
17,"MAT-CO-10001604,MATERIAL DE ESCRIT�RIO"
16,"MAT-AR-10003309,MATERIAL DE ESCRIT�RIO"
16,"MAT-ET-10002432,MATERIAL DE ESCRIT�RIO"
16,"MAT-ET-10004351,MATERIAL DE ESCRIT�RIO"
16,"MAT-AC-10001894,MATERIAL DE ESCRIT�RIO"
16,"MAT-ET-10001945,MATERIAL DE ESCRIT�RIO"
16,"MAT-ET-10002272,MATERIAL DE ESCRIT�RIO"
16,"MAT-CO-10000097,MATERIAL DE ESCRIT�RIO"
16,"MAT-ET-10000245,MATERIAL DE ESCRIT�RIO"
16,"M�V-CA-10000570,M�VEIS"
16,"M�V-ES-10000086,M�VEIS"
16,"MAT-PA-10001936,MATERIAL DE ESCRIT�RIO"
16,"TEC-CO-10002392,TECNOLOGIA"
16,"MAT-MA-10001173,MATERIAL DE ESCRIT�RIO"
16,"MAT-AC-10001364,MATERIAL DE ESCRIT�RIO"
16,"TEC-AC-10001292,TECNOLOGIA"
16,"MAT-MA-10003148,MATERIAL DE ESCRIT�RIO"
16,"M�V-M�-10002918,M�VEIS"
16,"MAT-CO-10002631,MATERIAL DE ESCRIT�RIO"
16,"M�V-M�-10003036,M�VEIS"
16,"M�V-M�-10002446,M�VEIS"
16,"MAT-AR-10000087,MATERIAL DE ESCRIT�RIO"
16,"MAT-AC-10003876,MATERIAL DE ESCRIT�RIO"
16,"MAT-MA-10004822,MATERIAL DE ESCRIT�RIO"
16,"MAT-EN-10001170,MATERIAL DE ESCRIT�RIO"
16,"MAT-AR-10002249,MATERIAL DE ESCRIT�RIO"
16,"MAT-CO-10003986,MATERIAL DE ESCRIT�RIO"
16,"M�V-M�-10002220,M�VEIS"
16,"TEC-CO-10000064,TECNOLOGIA"
16,"MAT-AR-10001070,MATERIAL DE ESCRIT�RIO"
16,"MAT-AR-10001232,MATERIAL DE ESCRIT�RIO"
16,"MAT-AR-10002246,MATERIAL DE ESCRIT�RIO"
16,"MAT-FI-10002895,MATERIAL DE ESCRIT�RIO"
16,"MAT-AR-10000129,MATERIAL DE ESCRIT�RIO"
16,"M�V-ES-10004629,M�VEIS"
16,"MAT-AR-10001274,MATERIAL DE ESCRIT�RIO"
16,"M�V-CA-10002384,M�VEIS"
16,"MAT-ET-10001854,MATERIAL DE ESCRIT�RIO"
16,"M�V-M�-10002184,M�VEIS"
16,"TEC-CO-10000779,TECNOLOGIA"
16,"TEC-TE-10002082,TECNOLOGIA"
16,"MAT-ET-10001887,MATERIAL DE ESCRIT�RIO"
16,"MAT-ET-10003421,MATERIAL DE ESCRIT�RIO"
16,"MAT-FI-10000853,MATERIAL DE ESCRIT�RIO"
16,"TEC-CO-10004061,TECNOLOGIA"
16,"MAT-CO-10001570,MATERIAL DE ESCRIT�RIO"
16,"MAT-PA-10004901,MATERIAL DE ESCRIT�RIO"
16,"MAT-CO-10004966,MATERIAL DE ESCRIT�RIO"
16,"M�V-CA-10001035,M�VEIS"
16,"TEC-CO-10001424,TECNOLOGIA"
16,"TEC-TE-10000310,TECNOLOGIA"
16,"MAT-AR-10003355,MATERIAL DE ESCRIT�RIO"
16,"MAT-ET-10002413,MATERIAL DE ESCRIT�RIO"
16,"M�V-ES-10002355,M�VEIS"
16,"TEC-AC-10002911,TECNOLOGIA"
16,"MAT-MA-10002669,MATERIAL DE ESCRIT�RIO"
16,"M�V-M�-10004304,M�VEIS"
16,"MAT-MA-10003705,MATERIAL DE ESCRIT�RIO"
16,"TEC-CO-10003192,TECNOLOGIA"
16,"MAT-ET-10001014,MATERIAL DE ESCRIT�RIO"
16,"TEC-AC-10002724,TECNOLOGIA"
16,"TEC-CO-10000326,TECNOLOGIA"
16,"M�V-ES-10003619,M�VEIS"
16,"MAT-AR-10002257,MATERIAL DE ESCRIT�RIO"
15,"MAT-EN-10002874,MATERIAL DE ESCRIT�RIO"
15,"M�V-ES-10003278,M�VEIS"
15,"MAT-ET-10003268,MATERIAL DE ESCRIT�RIO"
15,"M�V-ES-10004956,M�VEIS"
15,"M�V-M�-10000880,M�VEIS"
15,"MAT-ET-10000720,MATERIAL DE ESCRIT�RIO"
15,"MAT-PA-10001844,MATERIAL DE ESCRIT�RIO"
15,"MAT-PA-10002054,MATERIAL DE ESCRIT�RIO"
15,"TEC-TE-10002270,TECNOLOGIA"
15,"MAT-AR-10004005,MATERIAL DE ESCRIT�RIO"
15,"M�V-M�-10004370,M�VEIS"
15,"MAT-CO-10004828,MATERIAL DE ESCRIT�RIO"
15,"MAT-AR-10001211,MATERIAL DE ESCRIT�RIO"
15,"M�V-M�-10000743,M�VEIS"
15,"TEC-CO-10001715,TECNOLOGIA"
15,"MAT-AR-10002409,MATERIAL DE ESCRIT�RIO"
15,"MAT-EN-10003187,MATERIAL DE ESCRIT�RIO"
15,"MAT-AR-10004128,MATERIAL DE ESCRIT�RIO"
15,"MAT-EN-10004041,MATERIAL DE ESCRIT�RIO"
15,"MAT-ET-10003981,MATERIAL DE ESCRIT�RIO"
15,"M�V-ES-10000101,M�VEIS"
15,"M�V-ES-10002846,M�VEIS"
15,"MAT-AR-10001297,MATERIAL DE ESCRIT�RIO"
15,"M�V-CA-10003272,M�VEIS"
15,"TEC-AC-10004330,TECNOLOGIA"
15,"M�V-M�-10000291,M�VEIS"
15,"MAT-ET-10001969,MATERIAL DE ESCRIT�RIO"
15,"MAT-CO-10001360,MATERIAL DE ESCRIT�RIO"
15,"M�V-M�-10002284,M�VEIS"
15,"M�V-M�-10000776,M�VEIS"
15,"MAT-AR-10001158,MATERIAL DE ESCRIT�RIO"
15,"MAT-AR-10003686,MATERIAL DE ESCRIT�RIO"
15,"M�V-ES-10003508,M�VEIS"
15,"MAT-ET-10000308,MATERIAL DE ESCRIT�RIO"
15,"TEC-TE-10000135,TECNOLOGIA"
15,"MAT-MA-10003427,MATERIAL DE ESCRIT�RIO"
15,"MAT-MA-10003340,MATERIAL DE ESCRIT�RIO"
15,"TEC-CO-10003274,TECNOLOGIA"
15,"TEC-AC-10000736,TECNOLOGIA"
15,"M�V-M�-10000338,M�VEIS"
15,"MAT-AR-10002660,MATERIAL DE ESCRIT�RIO"
15,"TEC-TE-10003197,TECNOLOGIA"
15,"MAT-CO-10002580,MATERIAL DE ESCRIT�RIO"
15,"TEC-TE-10002376,TECNOLOGIA"
15,"MAT-CO-10001745,MATERIAL DE ESCRIT�RIO"
15,"MAT-MA-10004254,MATERIAL DE ESCRIT�RIO"
15,"MAT-PA-10003043,MATERIAL DE ESCRIT�RIO"
15,"MAT-AC-10004353,MATERIAL DE ESCRIT�RIO"
15,"MAT-AR-10004231,MATERIAL DE ESCRIT�RIO"
15,"MAT-CO-10001215,MATERIAL DE ESCRIT�RIO"
15,"TEC-AC-10003185,TECNOLOGIA"
15,"TEC-CO-10003534,TECNOLOGIA"
15,"M�V-M�-10002137,M�VEIS"
15,"MAT-PA-10002778,MATERIAL DE ESCRIT�RIO"
15,"TEC-AC-10001251,TECNOLOGIA"
15,"MAT-CO-10004021,MATERIAL DE ESCRIT�RIO"
15,"MAT-MA-10004878,MATERIAL DE ESCRIT�RIO"
15,"MAT-AC-10001343,MATERIAL DE ESCRIT�RIO"
15,"MAT-AC-10002830,MATERIAL DE ESCRIT�RIO"
15,"MAT-CO-10002140,MATERIAL DE ESCRIT�RIO"
15,"TEC-CO-10000025,TECNOLOGIA"
15,"TEC-TE-10003450,TECNOLOGIA"
15,"MAT-AC-10000601,MATERIAL DE ESCRIT�RIO"
15,"MAT-AR-10000811,MATERIAL DE ESCRIT�RIO"
15,"M�V-M�-10001068,M�VEIS"
15,"M�V-ME-10002663,M�VEIS"
15,"MAT-ET-10004154,MATERIAL DE ESCRIT�RIO"
15,"TEC-CO-10001019,TECNOLOGIA"
15,"MAT-PA-10001948,MATERIAL DE ESCRIT�RIO"
15,"MAT-EN-10000514,MATERIAL DE ESCRIT�RIO"
15,"TEC-CO-10001022,TECNOLOGIA"
15,"MAT-AC-10001158,MATERIAL DE ESCRIT�RIO"
15,"M�V-CA-10002283,M�VEIS"
15,"MAT-PA-10001609,MATERIAL DE ESCRIT�RIO"
15,"M�V-M�-10001039,M�VEIS"
15,"TEC-AC-10003844,TECNOLOGIA"
15,"M�V-M�-10004456,M�VEIS"
15,"MAT-AC-10000575,MATERIAL DE ESCRIT�RIO"
15,"MAT-AR-10004523,MATERIAL DE ESCRIT�RIO"
14,"MAT-AC-10004138,MATERIAL DE ESCRIT�RIO"
14,"M�V-ES-10001528,M�VEIS"
14,"MAT-CO-10004198,MATERIAL DE ESCRIT�RIO"
14,"M�V-ES-10003096,M�VEIS"
14,"MAT-MA-10003821,MATERIAL DE ESCRIT�RIO"
14,"M�V-M�-10002468,M�VEIS"
14,"MAT-AR-10004122,MATERIAL DE ESCRIT�RIO"
14,"MAT-ET-10001178,MATERIAL DE ESCRIT�RIO"
14,"MAT-AC-10001489,MATERIAL DE ESCRIT�RIO"
14,"MAT-AR-10004153,MATERIAL DE ESCRIT�RIO"
14,"MAT-EN-10002041,MATERIAL DE ESCRIT�RIO"
14,"M�V-M�-10000336,M�VEIS"
14,"MAT-AR-10003284,MATERIAL DE ESCRIT�RIO"
14,"MAT-EN-10001831,MATERIAL DE ESCRIT�RIO"
14,"M�V-CA-10004587,M�VEIS"
14,"MAT-CO-10000257,MATERIAL DE ESCRIT�RIO"
14,"MAT-MA-10001557,MATERIAL DE ESCRIT�RIO"
14,"TEC-TE-10003020,TECNOLOGIA"
14,"MAT-ET-10001152,MATERIAL DE ESCRIT�RIO"
14,"MAT-EN-10000425,MATERIAL DE ESCRIT�RIO"
14,"MAT-FI-10002692,MATERIAL DE ESCRIT�RIO"
14,"M�V-ME-10002895,M�VEIS"
14,"MAT-MA-10000400,MATERIAL DE ESCRIT�RIO"
14,"TEC-AC-10001768,TECNOLOGIA"
14,"MAT-FI-10002403,MATERIAL DE ESCRIT�RIO"
14,"M�V-M�-10001685,M�VEIS"
14,"MAT-AR-10004878,MATERIAL DE ESCRIT�RIO"
14,"MAT-MA-10001797,MATERIAL DE ESCRIT�RIO"
14,"MAT-AR-10000524,MATERIAL DE ESCRIT�RIO"
14,"MAT-EN-10000801,MATERIAL DE ESCRIT�RIO"
14,"MAT-AC-10000178,MATERIAL DE ESCRIT�RIO"
14,"MAT-AR-10004612,MATERIAL DE ESCRIT�RIO"
14,"MAT-MA-10004857,MATERIAL DE ESCRIT�RIO"
14,"TEC-AC-10001382,TECNOLOGIA"
14,"TEC-CO-10003483,TECNOLOGIA"
14,"M�V-ME-10000144,M�VEIS"
14,"MAT-CO-10003655,MATERIAL DE ESCRIT�RIO"
14,"MAT-CO-10001035,MATERIAL DE ESCRIT�RIO"
14,"MAT-AR-10001519,MATERIAL DE ESCRIT�RIO"
14,"MAT-MA-10002090,MATERIAL DE ESCRIT�RIO"
14,"MAT-ET-10002671,MATERIAL DE ESCRIT�RIO"
14,"TEC-TE-10004211,TECNOLOGIA"
14,"MAT-EN-10001388,MATERIAL DE ESCRIT�RIO"
14,"MAT-CO-10003958,MATERIAL DE ESCRIT�RIO"
14,"TEC-TE-10002079,TECNOLOGIA"
14,"M�V-CA-10004117,M�VEIS"
14,"MAT-AR-10003711,MATERIAL DE ESCRIT�RIO"
14,"M�V-ME-10000784,M�VEIS"
14,"MAT-MA-10002748,MATERIAL DE ESCRIT�RIO"
14,"MAT-AR-10004129,MATERIAL DE ESCRIT�RIO"
14,"MAT-CO-10001275,MATERIAL DE ESCRIT�RIO"
14,"M�V-ES-10004940,M�VEIS"
14,"M�V-ES-10003323,M�VEIS"
14,"MAT-EN-10000772,MATERIAL DE ESCRIT�RIO"
14,"MAT-AR-10000310,MATERIAL DE ESCRIT�RIO"
14,"MAT-MA-10003761,MATERIAL DE ESCRIT�RIO"
14,"MAT-MA-10004856,MATERIAL DE ESCRIT�RIO"
14,"MAT-MA-10004865,MATERIAL DE ESCRIT�RIO"
14,"TEC-CO-10004221,TECNOLOGIA"
14,"MAT-ET-10001687,MATERIAL DE ESCRIT�RIO"
14,"TEC-AC-10002900,TECNOLOGIA"
14,"MAT-CO-10002467,MATERIAL DE ESCRIT�RIO"
14,"TEC-M�-10004649,TECNOLOGIA"
14,"TEC-CO-10004760,TECNOLOGIA"
14,"MAT-FI-10004222,MATERIAL DE ESCRIT�RIO"
14,"MAT-AR-10004035,MATERIAL DE ESCRIT�RIO"
14,"TEC-CO-10004311,TECNOLOGIA"
14,"MAT-ET-10002662,MATERIAL DE ESCRIT�RIO"
14,"MAT-AR-10003072,MATERIAL DE ESCRIT�RIO"
14,"MAT-AR-10002860,MATERIAL DE ESCRIT�RIO"
14,"MAT-FI-10002202,MATERIAL DE ESCRIT�RIO"
14,"MAT-MA-10003666,MATERIAL DE ESCRIT�RIO"
14,"TEC-CO-10003798,TECNOLOGIA"
13,"MAT-CO-10003438,MATERIAL DE ESCRIT�RIO"
13,"MAT-AC-10000080,MATERIAL DE ESCRIT�RIO"
13,"MAT-AR-10000724,MATERIAL DE ESCRIT�RIO"
13,"MAT-AC-10004422,MATERIAL DE ESCRIT�RIO"
13,"MAT-EN-10000953,MATERIAL DE ESCRIT�RIO"
13,"MAT-PA-10002115,MATERIAL DE ESCRIT�RIO"
13,"MAT-MA-10004466,MATERIAL DE ESCRIT�RIO"
13,"MAT-CO-10002743,MATERIAL DE ESCRIT�RIO"
13,"MAT-MA-10003524,MATERIAL DE ESCRIT�RIO"
13,"MAT-CO-10002707,MATERIAL DE ESCRIT�RIO"
13,"MAT-ET-10002834,MATERIAL DE ESCRIT�RIO"
13,"M�V-M�-10000763,M�VEIS"
13,"MAT-PA-10004818,MATERIAL DE ESCRIT�RIO"
13,"MAT-CO-10003605,MATERIAL DE ESCRIT�RIO"
13,"MAT-FI-10000795,MATERIAL DE ESCRIT�RIO"
13,"TEC-TE-10000876,TECNOLOGIA"
13,"TEC-AC-10001858,TECNOLOGIA"
13,"M�V-CA-10000075,M�VEIS"
13,"MAT-ET-10002645,MATERIAL DE ESCRIT�RIO"
13,"MAT-CO-10004909,MATERIAL DE ESCRIT�RIO"
13,"TEC-CO-10001968,TECNOLOGIA"
13,"MAT-PA-10000104,MATERIAL DE ESCRIT�RIO"
13,"TEC-AC-10000044,TECNOLOGIA"
13,"TEC-TE-10004399,TECNOLOGIA"
13,"M�V-M�-10000525,M�VEIS"
13,"M�V-ME-10000666,M�VEIS"
13,"MAT-PA-10002621,MATERIAL DE ESCRIT�RIO"
13,"MAT-FI-10001330,MATERIAL DE ESCRIT�RIO"
13,"M�V-CA-10001047,M�VEIS"
13,"M�V-CA-10002699,M�VEIS"
13,"MAT-ET-10004573,MATERIAL DE ESCRIT�RIO"
13,"MAT-AC-10004675,MATERIAL DE ESCRIT�RIO"
13,"MAT-AR-10002152,MATERIAL DE ESCRIT�RIO"
13,"MAT-EN-10001720,MATERIAL DE ESCRIT�RIO"
13,"MAT-MA-10004043,MATERIAL DE ESCRIT�RIO"
13,"TEC-CO-10004032,TECNOLOGIA"
13,"TEC-AC-10004250,TECNOLOGIA"
13,"TEC-M�-10001040,TECNOLOGIA"
13,"TEC-AC-10004074,TECNOLOGIA"
13,"MAT-FI-10000781,MATERIAL DE ESCRIT�RIO"
13,"M�V-M�-10000263,M�VEIS"
13,"TEC-M�-10000379,TECNOLOGIA"
13,"TEC-CO-10000083,TECNOLOGIA"
13,"MAT-AR-10002622,MATERIAL DE ESCRIT�RIO"
13,"TEC-AC-10004490,TECNOLOGIA"
13,"M�V-ES-10003211,M�VEIS"
13,"MAT-ET-10003076,MATERIAL DE ESCRIT�RIO"
13,"MAT-ET-10001274,MATERIAL DE ESCRIT�RIO"
13,"M�V-ME-10000003,M�VEIS"
13,"TEC-M�-10000852,TECNOLOGIA"
13,"TEC-CO-10001008,TECNOLOGIA"
13,"MAT-EN-10001447,MATERIAL DE ESCRIT�RIO"
13,"MAT-CO-10002650,MATERIAL DE ESCRIT�RIO"
13,"MAT-CO-10004597,MATERIAL DE ESCRIT�RIO"
13,"M�V-ES-10000821,M�VEIS"
13,"MAT-PA-10000347,MATERIAL DE ESCRIT�RIO"
13,"MAT-MA-10002078,MATERIAL DE ESCRIT�RIO"
13,"MAT-MA-10004762,MATERIAL DE ESCRIT�RIO"
13,"M�V-ES-10002917,M�VEIS"
13,"TEC-AC-10002777,TECNOLOGIA"
13,"MAT-AR-10001630,MATERIAL DE ESCRIT�RIO"
13,"MAT-AC-10002557,MATERIAL DE ESCRIT�RIO"
13,"TEC-M�-10003736,TECNOLOGIA"
13,"MAT-AC-10002405,MATERIAL DE ESCRIT�RIO"
13,"MAT-MA-10000128,MATERIAL DE ESCRIT�RIO"
13,"MAT-MA-10001130,MATERIAL DE ESCRIT�RIO"
13,"MAT-AR-10002156,MATERIAL DE ESCRIT�RIO"
13,"TEC-AC-10004326,TECNOLOGIA"
13,"MAT-AC-10000261,MATERIAL DE ESCRIT�RIO"
13,"TEC-AC-10001923,TECNOLOGIA"
12,"TEC-CO-10000374,TECNOLOGIA"
12,"MAT-EN-10004119,MATERIAL DE ESCRIT�RIO"
12,"MAT-AR-10003653,MATERIAL DE ESCRIT�RIO"
12,"TEC-CO-10001948,TECNOLOGIA"
12,"MAT-PA-10000298,MATERIAL DE ESCRIT�RIO"
12,"MAT-EN-10003851,MATERIAL DE ESCRIT�RIO"
12,"M�V-ME-10000440,M�VEIS"
12,"MAT-CO-10000909,MATERIAL DE ESCRIT�RIO"
12,"TEC-CO-10004361,TECNOLOGIA"
12,"MAT-ET-10004445,MATERIAL DE ESCRIT�RIO"
12,"MAT-EN-10001156,MATERIAL DE ESCRIT�RIO"
12,"M�V-CA-10004736,M�VEIS"
12,"MAT-AC-10002505,MATERIAL DE ESCRIT�RIO"
12,"MAT-AC-10001496,MATERIAL DE ESCRIT�RIO"
12,"TEC-TE-10004070,TECNOLOGIA"
12,"M�V-CA-10002789,M�VEIS"
12,"M�V-M�-10002017,M�VEIS"
12,"M�V-M�-10004198,M�VEIS"
12,"TEC-AC-10000750,TECNOLOGIA"
12,"MAT-ET-10004412,MATERIAL DE ESCRIT�RIO"
12,"MAT-EN-10001448,MATERIAL DE ESCRIT�RIO"
12,"MAT-ET-10001569,MATERIAL DE ESCRIT�RIO"
12,"TEC-AC-10001621,TECNOLOGIA"
12,"M�V-ES-10004288,M�VEIS"
12,"MAT-CO-10003399,MATERIAL DE ESCRIT�RIO"
12,"MAT-MA-10002387,MATERIAL DE ESCRIT�RIO"
12,"TEC-AC-10004859,TECNOLOGIA"
12,"MAT-MA-10001540,MATERIAL DE ESCRIT�RIO"
12,"MAT-MA-10003067,MATERIAL DE ESCRIT�RIO"
12,"MAT-MA-10000927,MATERIAL DE ESCRIT�RIO"
12,"MAT-MA-10002204,MATERIAL DE ESCRIT�RIO"
12,"TEC-M�-10001663,TECNOLOGIA"
12,"M�V-ES-10000918,M�VEIS"
12,"TEC-TE-10001448,TECNOLOGIA"
12,"M�V-M�-10001074,M�VEIS"
12,"M�V-ES-10000644,M�VEIS"
12,"MAT-ET-10002923,MATERIAL DE ESCRIT�RIO"
12,"M�V-M�-10000148,M�VEIS"
12,"MAT-AC-10000766,MATERIAL DE ESCRIT�RIO"
12,"MAT-ET-10000424,MATERIAL DE ESCRIT�RIO"
12,"MAT-AR-10002983,MATERIAL DE ESCRIT�RIO"
12,"MAT-AR-10001863,MATERIAL DE ESCRIT�RIO"
12,"MAT-MA-10000771,MATERIAL DE ESCRIT�RIO"
12,"M�V-CA-10003792,M�VEIS"
12,"MAT-AC-10003110,MATERIAL DE ESCRIT�RIO"
12,"M�V-ES-10001576,M�VEIS"
12,"M�V-ES-10004335,M�VEIS"
12,"MAT-ET-10003375,MATERIAL DE ESCRIT�RIO"
12,"MAT-AR-10004626,MATERIAL DE ESCRIT�RIO"
12,"TEC-M�-10001347,TECNOLOGIA"
12,"TEC-TE-10000105,TECNOLOGIA"
12,"MAT-AR-10004158,MATERIAL DE ESCRIT�RIO"
12,"MAT-ET-10003122,MATERIAL DE ESCRIT�RIO"
12,"MAT-ET-10003409,MATERIAL DE ESCRIT�RIO"
12,"M�V-ME-10000023,M�VEIS"
12,"MAT-EN-10000752,MATERIAL DE ESCRIT�RIO"
12,"MAT-AR-10003872,MATERIAL DE ESCRIT�RIO"
12,"MAT-PA-10000158,MATERIAL DE ESCRIT�RIO"
12,"MAT-PA-10000989,MATERIAL DE ESCRIT�RIO"
12,"MAT-AR-10001263,MATERIAL DE ESCRIT�RIO"
12,"TEC-AC-10002771,TECNOLOGIA"
12,"MAT-PA-10004145,MATERIAL DE ESCRIT�RIO"
12,"TEC-TE-10003739,TECNOLOGIA"
12,"MAT-PA-10003461,MATERIAL DE ESCRIT�RIO"
12,"MAT-MA-10000991,MATERIAL DE ESCRIT�RIO"
12,"M�V-ES-10003381,M�VEIS"
12,"MAT-AR-10003216,MATERIAL DE ESCRIT�RIO"
12,"M�V-ME-10001141,M�VEIS"
12,"MAT-CO-10002296,MATERIAL DE ESCRIT�RIO"
12,"MAT-MA-10002434,MATERIAL DE ESCRIT�RIO"
12,"M�V-ES-10000278,M�VEIS"
12,"TEC-AC-10004360,TECNOLOGIA"
11,"MAT-AC-10002057,MATERIAL DE ESCRIT�RIO"
11,"M�V-M�-10000316,M�VEIS"
11,"M�V-ME-10003155,M�VEIS"
11,"MAT-AR-10002111,MATERIAL DE ESCRIT�RIO"
11,"TEC-AC-10001917,TECNOLOGIA"
11,"TEC-M�-10001773,TECNOLOGIA"
11,"MAT-EN-10004999,MATERIAL DE ESCRIT�RIO"
11,"MAT-FI-10003101,MATERIAL DE ESCRIT�RIO"
11,"MAT-CO-10001618,MATERIAL DE ESCRIT�RIO"
11,"MAT-CO-10002806,MATERIAL DE ESCRIT�RIO"
11,"MAT-AR-10004216,MATERIAL DE ESCRIT�RIO"
11,"M�V-CA-10000839,M�VEIS"
11,"MAT-ET-10002458,MATERIAL DE ESCRIT�RIO"
11,"MAT-EN-10003626,MATERIAL DE ESCRIT�RIO"
11,"TEC-TE-10000599,TECNOLOGIA"
11,"M�V-M�-10001780,M�VEIS"
11,"TEC-TE-10004999,TECNOLOGIA"
11,"MAT-AR-10002384,MATERIAL DE ESCRIT�RIO"
11,"TEC-TE-10001215,TECNOLOGIA"
11,"MAT-AC-10002970,MATERIAL DE ESCRIT�RIO"
11,"MAT-AR-10002704,MATERIAL DE ESCRIT�RIO"
11,"MAT-AC-10000709,MATERIAL DE ESCRIT�RIO"
11,"MAT-AC-10001722,MATERIAL DE ESCRIT�RIO"
11,"M�V-ES-10000253,M�VEIS"
11,"MAT-PA-10003501,MATERIAL DE ESCRIT�RIO"
11,"M�V-ME-10001849,M�VEIS"
11,"MAT-PA-10002164,MATERIAL DE ESCRIT�RIO"
11,"MAT-EN-10001433,MATERIAL DE ESCRIT�RIO"
11,"MAT-CO-10001823,MATERIAL DE ESCRIT�RIO"
11,"MAT-EN-10002977,MATERIAL DE ESCRIT�RIO"
11,"MAT-PA-10000692,MATERIAL DE ESCRIT�RIO"
11,"M�V-ES-10002970,M�VEIS"
11,"TEC-M�-10003575,TECNOLOGIA"
11,"MAT-ET-10001174,MATERIAL DE ESCRIT�RIO"
11,"MAT-AC-10002280,MATERIAL DE ESCRIT�RIO"
11,"MAT-MA-10002408,MATERIAL DE ESCRIT�RIO"
11,"TEC-TE-10003369,TECNOLOGIA"
11,"M�V-ME-10003027,M�VEIS"
11,"MAT-AC-10000611,MATERIAL DE ESCRIT�RIO"
11,"M�V-ES-10002435,M�VEIS"
11,"TEC-AC-10002602,TECNOLOGIA"
11,"TEC-CO-10003597,TECNOLOGIA"
11,"TEC-TE-10004351,TECNOLOGIA"
11,"TEC-CO-10000254,TECNOLOGIA"
11,"MAT-PA-10004130,MATERIAL DE ESCRIT�RIO"
11,"TEC-TE-10001520,TECNOLOGIA"
11,"MAT-MA-10002708,MATERIAL DE ESCRIT�RIO"
11,"MAT-AR-10000127,MATERIAL DE ESCRIT�RIO"
11,"M�V-M�-10001433,M�VEIS"
11,"TEC-AC-10000904,TECNOLOGIA"
11,"TEC-M�-10001174,TECNOLOGIA"
11,"MAT-AR-10001438,MATERIAL DE ESCRIT�RIO"
11,"MAT-PA-10004756,MATERIAL DE ESCRIT�RIO"
11,"MAT-ET-10000372,MATERIAL DE ESCRIT�RIO"
11,"M�V-ES-10002780,M�VEIS"
11,"M�V-ME-10003990,M�VEIS"
11,"MAT-AR-10003076,MATERIAL DE ESCRIT�RIO"
11,"MAT-CO-10002834,MATERIAL DE ESCRIT�RIO"
11,"TEC-M�-10001903,TECNOLOGIA"
11,"MAT-AR-10000299,MATERIAL DE ESCRIT�RIO"
11,"TEC-CO-10002180,TECNOLOGIA"
11,"MAT-AR-10000268,MATERIAL DE ESCRIT�RIO"
11,"MAT-AC-10002434,MATERIAL DE ESCRIT�RIO"
11,"TEC-AC-10001824,TECNOLOGIA"
11,"MAT-EN-10001401,MATERIAL DE ESCRIT�RIO"
11,"MAT-MA-10000135,MATERIAL DE ESCRIT�RIO"
11,"MAT-AR-10000363,MATERIAL DE ESCRIT�RIO"
11,"TEC-TE-10003283,TECNOLOGIA"
11,"MAT-ET-10002817,MATERIAL DE ESCRIT�RIO"
11,"MAT-AR-10001733,MATERIAL DE ESCRIT�RIO"
11,"MAT-PA-10002927,MATERIAL DE ESCRIT�RIO"
11,"TEC-M�-10003622,TECNOLOGIA"
10,"MAT-FI-10000728,MATERIAL DE ESCRIT�RIO"
10,"M�V-CA-10000196,M�VEIS"
10,"M�V-CA-10004862,M�VEIS"
10,"M�V-ES-10004275,M�VEIS"
10,"MAT-CO-10004631,MATERIAL DE ESCRIT�RIO"
10,"MAT-PA-10003781,MATERIAL DE ESCRIT�RIO"
10,"MAT-MA-10002046,MATERIAL DE ESCRIT�RIO"
10,"TEC-TE-10000856,TECNOLOGIA"
10,"MAT-CO-10001922,MATERIAL DE ESCRIT�RIO"
10,"MAT-ET-10002591,MATERIAL DE ESCRIT�RIO"
10,"M�V-M�-10004273,M�VEIS"
10,"MAT-AC-10004659,MATERIAL DE ESCRIT�RIO"
10,"MAT-ET-10000056,MATERIAL DE ESCRIT�RIO"
10,"TEC-AC-10004280,TECNOLOGIA"
10,"TEC-M�-10001199,TECNOLOGIA"
10,"MAT-PA-10003855,MATERIAL DE ESCRIT�RIO"
10,"M�V-ES-10000635,M�VEIS"
10,"M�V-M�-10003775,M�VEIS"
10,"TEC-TE-10002603,TECNOLOGIA"
10,"MAT-ET-10004056,MATERIAL DE ESCRIT�RIO"
10,"MAT-AR-10004087,MATERIAL DE ESCRIT�RIO"
10,"MAT-AC-10004309,MATERIAL DE ESCRIT�RIO"
10,"TEC-CO-10004237,TECNOLOGIA"
10,"TEC-M�-10001128,TECNOLOGIA"
10,"M�V-ME-10004877,M�VEIS"
10,"MAT-PA-10002892,MATERIAL DE ESCRIT�RIO"
10,"M�V-ME-10000457,M�VEIS"
10,"M�V-ME-10000738,M�VEIS"
10,"TEC-AC-10003261,TECNOLOGIA"
10,"TEC-AC-10003719,TECNOLOGIA"
10,"MAT-ET-10001653,MATERIAL DE ESCRIT�RIO"
10,"MAT-EN-10003712,MATERIAL DE ESCRIT�RIO"
10,"MAT-PA-10003287,MATERIAL DE ESCRIT�RIO"
10,"M�V-ME-10003318,M�VEIS"
10,"M�V-M�-10002070,M�VEIS"
10,"TEC-AC-10001873,TECNOLOGIA"
10,"MAT-CO-10000559,MATERIAL DE ESCRIT�RIO"
10,"TEC-AC-10004212,TECNOLOGIA"
10,"MAT-ET-10004879,MATERIAL DE ESCRIT�RIO"
10,"MAT-AC-10003958,MATERIAL DE ESCRIT�RIO"
10,"MAT-ET-10001841,MATERIAL DE ESCRIT�RIO"
10,"TEC-CO-10000278,TECNOLOGIA"
10,"M�V-M�-10000193,M�VEIS"
10,"MAT-EN-10004578,MATERIAL DE ESCRIT�RIO"
10,"MAT-CO-10000971,MATERIAL DE ESCRIT�RIO"
10,"TEC-CO-10003853,TECNOLOGIA"
10,"M�V-ES-10003082,M�VEIS"
10,"MAT-ET-10003045,MATERIAL DE ESCRIT�RIO"
10,"M�V-ME-10000014,M�VEIS"
10,"MAT-MA-10002869,MATERIAL DE ESCRIT�RIO"
10,"TEC-CO-10000737,TECNOLOGIA"
10,"TEC-TE-10003531,TECNOLOGIA"
10,"MAT-ET-10001492,MATERIAL DE ESCRIT�RIO"
10,"TEC-AC-10000999,TECNOLOGIA"
10,"MAT-AC-10001114,MATERIAL DE ESCRIT�RIO"
10,"M�V-M�-10003862,M�VEIS"
10,"MAT-CO-10003925,MATERIAL DE ESCRIT�RIO"
10,"MAT-MA-10003732,MATERIAL DE ESCRIT�RIO"
10,"TEC-TE-10001685,TECNOLOGIA"
10,"M�V-ME-10004427,M�VEIS"
10,"M�V-M�-10004599,M�VEIS"
10,"MAT-AR-10002419,MATERIAL DE ESCRIT�RIO"
10,"MAT-MA-10000566,MATERIAL DE ESCRIT�RIO"
10,"M�V-M�-10004076,M�VEIS"
9,"M�V-ES-10001489,M�VEIS"
9,"MAT-MA-10003883,MATERIAL DE ESCRIT�RIO"
9,"TEC-AC-10003964,TECNOLOGIA"
9,"MAT-MA-10001979,MATERIAL DE ESCRIT�RIO"
9,"TEC-M�-10003081,TECNOLOGIA"
9,"MAT-AC-10001960,MATERIAL DE ESCRIT�RIO"
9,"MAT-ET-10001828,MATERIAL DE ESCRIT�RIO"
9,"TEC-TE-10001581,TECNOLOGIA"
9,"TEC-AC-10003601,TECNOLOGIA"
9,"MAT-AC-10004176,MATERIAL DE ESCRIT�RIO"
9,"TEC-AC-10004435,TECNOLOGIA"
9,"M�V-ES-10003834,M�VEIS"
9,"MAT-EN-10001457,MATERIAL DE ESCRIT�RIO"
9,"TEC-CO-10004844,TECNOLOGIA"
9,"MAT-ET-10000551,MATERIAL DE ESCRIT�RIO"
9,"MAT-ET-10004058,MATERIAL DE ESCRIT�RIO"
9,"MAT-ET-10003275,MATERIAL DE ESCRIT�RIO"
9,"MAT-CO-10004709,MATERIAL DE ESCRIT�RIO"
9,"MAT-ET-10000311,MATERIAL DE ESCRIT�RIO"
9,"M�V-CA-10002273,M�VEIS"
9,"M�V-M�-10001379,M�VEIS"
9,"MAT-AR-10003466,MATERIAL DE ESCRIT�RIO"
9,"TEC-CO-10003786,TECNOLOGIA"
9,"M�V-ES-10003421,M�VEIS"
9,"TEC-TE-10001806,TECNOLOGIA"
9,"MAT-AC-10000329,MATERIAL DE ESCRIT�RIO"
9,"TEC-AC-10000655,TECNOLOGIA"
9,"M�V-ES-10002598,M�VEIS"
9,"TEC-TE-10001064,TECNOLOGIA"
9,"MAT-FI-10003477,MATERIAL DE ESCRIT�RIO"
9,"MAT-ET-10001101,MATERIAL DE ESCRIT�RIO"
9,"TEC-M�-10002695,TECNOLOGIA"
9,"M�V-M�-10004824,M�VEIS"
9,"MAT-AR-10000872,MATERIAL DE ESCRIT�RIO"
9,"TEC-CO-10004657,TECNOLOGIA"
9,"MAT-MA-10004840,MATERIAL DE ESCRIT�RIO"
9,"M�V-ME-10002608,M�VEIS"
9,"MAT-PA-10000829,MATERIAL DE ESCRIT�RIO"
9,"MAT-MA-10003902,MATERIAL DE ESCRIT�RIO"
9,"TEC-M�-10000777,TECNOLOGIA"
9,"TEC-M�-10001550,TECNOLOGIA"
9,"TEC-TE-10000655,TECNOLOGIA"
9,"TEC-CO-10001684,TECNOLOGIA"
9,"M�V-ME-10000768,M�VEIS"
9,"MAT-CO-10002418,MATERIAL DE ESCRIT�RIO"
9,"MAT-AC-10004362,MATERIAL DE ESCRIT�RIO"
9,"TEC-TE-10003663,TECNOLOGIA"
9,"MAT-CO-10004913,MATERIAL DE ESCRIT�RIO"
9,"MAT-AC-10000241,MATERIAL DE ESCRIT�RIO"
9,"MAT-MA-10001079,MATERIAL DE ESCRIT�RIO"
9,"MAT-MA-10004782,MATERIAL DE ESCRIT�RIO"
9,"MAT-EN-10002055,MATERIAL DE ESCRIT�RIO"
9,"MAT-CO-10001828,MATERIAL DE ESCRIT�RIO"
9,"MAT-AR-10004925,MATERIAL DE ESCRIT�RIO"
9,"MAT-AC-10004744,MATERIAL DE ESCRIT�RIO"
9,"MAT-AC-10000803,MATERIAL DE ESCRIT�RIO"
9,"MAT-AR-10001443,MATERIAL DE ESCRIT�RIO"
9,"MAT-ET-10003504,MATERIAL DE ESCRIT�RIO"
9,"MAT-PA-10003232,MATERIAL DE ESCRIT�RIO"
9,"TEC-AC-10001749,TECNOLOGIA"
9,"MAT-PA-10000442,MATERIAL DE ESCRIT�RIO"
9,"TEC-CO-10001365,TECNOLOGIA"
9,"M�V-M�-10004135,M�VEIS"
9,"TEC-AC-10000201,TECNOLOGIA"
9,"MAT-MA-10000764,MATERIAL DE ESCRIT�RIO"
9,"TEC-AC-10004416,TECNOLOGIA"
9,"MAT-FI-10004134,MATERIAL DE ESCRIT�RIO"
9,"M�V-M�-10000746,M�VEIS"
9,"MAT-MA-10001165,MATERIAL DE ESCRIT�RIO"
9,"MAT-MA-10004447,MATERIAL DE ESCRIT�RIO"
9,"MAT-CO-10002548,MATERIAL DE ESCRIT�RIO"
8,"TEC-M�-10000264,TECNOLOGIA"
8,"M�V-CA-10003797,M�VEIS"
8,"TEC-TE-10002063,TECNOLOGIA"
8,"M�V-CA-10003032,M�VEIS"
8,"MAT-AR-10004717,MATERIAL DE ESCRIT�RIO"
8,"M�V-CA-10003953,M�VEIS"
8,"M�V-ME-10002509,M�VEIS"
8,"TEC-CO-10002886,TECNOLOGIA"
8,"TEC-M�-10003388,TECNOLOGIA"
8,"MAT-MA-10003308,MATERIAL DE ESCRIT�RIO"
8,"M�V-M�-10002574,M�VEIS"
8,"MAT-EN-10000186,MATERIAL DE ESCRIT�RIO"
8,"TEC-TE-10003112,TECNOLOGIA"
8,"MAT-PA-10000427,MATERIAL DE ESCRIT�RIO"
8,"M�V-ES-10000189,M�VEIS"
8,"TEC-CO-10000886,TECNOLOGIA"
8,"TEC-CO-10001829,TECNOLOGIA"
8,"MAT-AR-10003594,MATERIAL DE ESCRIT�RIO"
8,"M�V-ME-10004732,M�VEIS"
8,"M�V-ME-10000592,M�VEIS"
8,"MAT-CO-10002602,MATERIAL DE ESCRIT�RIO"
8,"MAT-AR-10000117,MATERIAL DE ESCRIT�RIO"
8,"M�V-ES-10002031,M�VEIS"
8,"MAT-EN-10004281,MATERIAL DE ESCRIT�RIO"
8,"MAT-FI-10004997,MATERIAL DE ESCRIT�RIO"
8,"TEC-TE-10001169,TECNOLOGIA"
8,"MAT-PA-10000852,MATERIAL DE ESCRIT�RIO"
8,"M�V-ME-10003043,M�VEIS"
8,"TEC-TE-10004227,TECNOLOGIA"
8,"MAT-EN-10001062,MATERIAL DE ESCRIT�RIO"
8,"MAT-AR-10003712,MATERIAL DE ESCRIT�RIO"
8,"MAT-EN-10003303,MATERIAL DE ESCRIT�RIO"
8,"M�V-M�-10004561,M�VEIS"
8,"TEC-CO-10003566,TECNOLOGIA"
8,"MAT-ET-10001057,MATERIAL DE ESCRIT�RIO"
8,"M�V-ME-10003986,M�VEIS"
8,"TEC-M�-10003471,TECNOLOGIA"
8,"MAT-CO-10002359,MATERIAL DE ESCRIT�RIO"
8,"TEC-AC-10000623,TECNOLOGIA"
8,"MAT-MA-10004605,MATERIAL DE ESCRIT�RIO"
8,"MAT-AC-10003547,MATERIAL DE ESCRIT�RIO"
8,"MAT-EN-10004839,MATERIAL DE ESCRIT�RIO"
8,"TEC-TE-10002282,TECNOLOGIA"
8,"TEC-CO-10004586,TECNOLOGIA"
8,"MAT-AC-10004511,MATERIAL DE ESCRIT�RIO"
8,"MAT-MA-10003578,MATERIAL DE ESCRIT�RIO"
8,"MAT-AC-10003923,MATERIAL DE ESCRIT�RIO"
8,"TEC-AC-10004650,TECNOLOGIA"
8,"TEC-TE-10004691,TECNOLOGIA"
8,"M�V-ME-10000472,M�VEIS"
8,"TEC-M�-10004627,TECNOLOGIA"
8,"TEC-M�-10001338,TECNOLOGIA"
8,"MAT-PA-10004268,MATERIAL DE ESCRIT�RIO"
8,"MAT-AC-10000427,MATERIAL DE ESCRIT�RIO"
8,"MAT-MA-10001257,MATERIAL DE ESCRIT�RIO"
8,"MAT-EN-10002176,MATERIAL DE ESCRIT�RIO"
8,"TEC-M�-10000126,TECNOLOGIA"
8,"TEC-TE-10002130,TECNOLOGIA"
8,"MAT-AC-10004265,MATERIAL DE ESCRIT�RIO"
8,"MAT-MA-10000818,MATERIAL DE ESCRIT�RIO"
8,"M�V-ME-10002205,M�VEIS"
8,"MAT-EN-10002602,MATERIAL DE ESCRIT�RIO"
8,"TEC-M�-10004036,TECNOLOGIA"
8,"MAT-MA-10001589,MATERIAL DE ESCRIT�RIO"
8,"MAT-AC-10003848,MATERIAL DE ESCRIT�RIO"
8,"M�V-ME-10002977,M�VEIS"
8,"M�V-ME-10001783,M�VEIS"
8,"TEC-M�-10002733,TECNOLOGIA"
7,"MAT-AR-10003008,MATERIAL DE ESCRIT�RIO"
7,"M�V-M�-10004994,M�VEIS"
7,"TEC-TE-10003572,TECNOLOGIA"
7,"MAT-AR-10002827,MATERIAL DE ESCRIT�RIO"
7,"MAT-CO-10004749,MATERIAL DE ESCRIT�RIO"
7,"MAT-AC-10002105,MATERIAL DE ESCRIT�RIO"
7,"MAT-AR-10001385,MATERIAL DE ESCRIT�RIO"
7,"MAT-CO-10000035,MATERIAL DE ESCRIT�RIO"
7,"M�V-ME-10002374,M�VEIS"
7,"M�V-ME-10004392,M�VEIS"
7,"MAT-AR-10001941,MATERIAL DE ESCRIT�RIO"
7,"M�V-M�-10002709,M�VEIS"
7,"M�V-M�-10000242,M�VEIS"
7,"MAT-MA-10000114,MATERIAL DE ESCRIT�RIO"
7,"MAT-FI-10004692,MATERIAL DE ESCRIT�RIO"
7,"M�V-ES-10004981,M�VEIS"
7,"MAT-MA-10001016,MATERIAL DE ESCRIT�RIO"
7,"MAT-MA-10002705,MATERIAL DE ESCRIT�RIO"
7,"MAT-PA-10002614,MATERIAL DE ESCRIT�RIO"
7,"M�V-M�-10002392,M�VEIS"
7,"MAT-PA-10003006,MATERIAL DE ESCRIT�RIO"
7,"MAT-AC-10000354,MATERIAL DE ESCRIT�RIO"
7,"TEC-CO-10001151,TECNOLOGIA"
7,"M�V-M�-10000954,M�VEIS"
7,"MAT-AC-10003704,MATERIAL DE ESCRIT�RIO"
7,"M�V-ME-10004844,M�VEIS"
7,"TEC-AC-10003591,TECNOLOGIA"
7,"MAT-EN-10002256,MATERIAL DE ESCRIT�RIO"
7,"MAT-AR-10001323,MATERIAL DE ESCRIT�RIO"
7,"MAT-ET-10000269,MATERIAL DE ESCRIT�RIO"
7,"MAT-FI-10001482,MATERIAL DE ESCRIT�RIO"
7,"M�V-ME-10003638,M�VEIS"
7,"MAT-PA-10004902,MATERIAL DE ESCRIT�RIO"
7,"MAT-AC-10001948,MATERIAL DE ESCRIT�RIO"
7,"TEC-M�-10004628,TECNOLOGIA"
7,"MAT-AR-10000311,MATERIAL DE ESCRIT�RIO"
7,"M�V-ME-10003179,M�VEIS"
7,"MAT-AC-10004304,MATERIAL DE ESCRIT�RIO"
7,"M�V-ES-10003589,M�VEIS"
7,"MAT-AC-10001680,MATERIAL DE ESCRIT�RIO"
7,"MAT-MA-10003329,MATERIAL DE ESCRIT�RIO"
7,"MAT-CO-10003107,MATERIAL DE ESCRIT�RIO"
7,"TEC-CO-10003549,TECNOLOGIA"
7,"TEC-M�-10001974,TECNOLOGIA"
7,"TEC-CO-10004186,TECNOLOGIA"
7,"M�V-ME-10003565,M�VEIS"
7,"MAT-EN-10000644,MATERIAL DE ESCRIT�RIO"
7,"TEC-M�-10002924,TECNOLOGIA"
7,"M�V-ES-10002845,M�VEIS"
7,"MAT-AC-10000780,MATERIAL DE ESCRIT�RIO"
7,"TEC-M�-10001235,TECNOLOGIA"
7,"TEC-M�-10003761,TECNOLOGIA"
7,"MAT-MA-10000447,MATERIAL DE ESCRIT�RIO"
7,"MAT-CO-10000812,MATERIAL DE ESCRIT�RIO"
7,"MAT-ET-10002019,MATERIAL DE ESCRIT�RIO"
7,"M�V-ME-10000599,M�VEIS"
7,"MAT-AC-10000856,MATERIAL DE ESCRIT�RIO"
7,"MAT-ET-10003791,MATERIAL DE ESCRIT�RIO"
7,"MAT-AR-10003575,MATERIAL DE ESCRIT�RIO"
7,"M�V-ES-10002212,M�VEIS"
7,"MAT-AC-10002083,MATERIAL DE ESCRIT�RIO"
7,"TEC-M�-10001747,TECNOLOGIA"
7,"M�V-ES-10000362,M�VEIS"
7,"MAT-AC-10001020,MATERIAL DE ESCRIT�RIO"
7,"MAT-PA-10002592,MATERIAL DE ESCRIT�RIO"
7,"MAT-AR-10001911,MATERIAL DE ESCRIT�RIO"
7,"TEC-CO-10003314,TECNOLOGIA"
7,"MAT-PA-10003597,MATERIAL DE ESCRIT�RIO"
7,"MAT-AC-10003439,MATERIAL DE ESCRIT�RIO"
7,"TEC-M�-10002867,TECNOLOGIA"
7,"TEC-M�-10001372,TECNOLOGIA"
7,"M�V-M�-10002825,M�VEIS"
7,"MAT-PA-10000932,MATERIAL DE ESCRIT�RIO"
6,"MAT-FI-10000832,MATERIAL DE ESCRIT�RIO"
6,"M�V-ME-10004066,M�VEIS"
6,"M�V-ME-10001803,M�VEIS"
6,"MAT-PA-10000049,MATERIAL DE ESCRIT�RIO"
6,"MAT-AC-10003906,MATERIAL DE ESCRIT�RIO"
6,"MAT-CO-10000358,MATERIAL DE ESCRIT�RIO"
6,"MAT-FI-10004304,MATERIAL DE ESCRIT�RIO"
6,"TEC-M�-10000736,TECNOLOGIA"
6,"MAT-AR-10004951,MATERIAL DE ESCRIT�RIO"
6,"TEC-TE-10003505,TECNOLOGIA"
6,"MAT-EN-10001671,MATERIAL DE ESCRIT�RIO"
6,"MAT-AC-10002721,MATERIAL DE ESCRIT�RIO"
6,"M�V-ES-10004369,M�VEIS"
6,"MAT-EN-10002939,MATERIAL DE ESCRIT�RIO"
6,"M�V-ES-10002152,M�VEIS"
6,"M�V-ME-10000013,M�VEIS"
6,"TEC-M�-10002941,TECNOLOGIA"
6,"MAT-CO-10000327,MATERIAL DE ESCRIT�RIO"
6,"M�V-ES-10003797,M�VEIS"
6,"MAT-MA-10004055,MATERIAL DE ESCRIT�RIO"
6,"M�V-ES-10000358,M�VEIS"
6,"M�V-M�-10003670,M�VEIS"
6,"M�V-ME-10004532,M�VEIS"
6,"TEC-AC-10001661,TECNOLOGIA"
6,"TEC-M�-10004859,TECNOLOGIA"
6,"MAT-AR-10003675,MATERIAL DE ESCRIT�RIO"
6,"MAT-PA-10004029,MATERIAL DE ESCRIT�RIO"
6,"TEC-M�-10000905,TECNOLOGIA"
6,"TEC-CO-10003348,TECNOLOGIA"
6,"TEC-TE-10004092,TECNOLOGIA"
6,"MAT-AR-10002030,MATERIAL DE ESCRIT�RIO"
6,"MAT-PA-10000038,MATERIAL DE ESCRIT�RIO"
6,"M�V-M�-10000216,M�VEIS"
6,"MAT-CO-10003952,MATERIAL DE ESCRIT�RIO"
6,"MAT-AC-10004898,MATERIAL DE ESCRIT�RIO"
6,"TEC-AC-10004470,TECNOLOGIA"
6,"M�V-ME-10001758,M�VEIS"
6,"MAT-AR-10000703,MATERIAL DE ESCRIT�RIO"
6,"MAT-PA-10000754,MATERIAL DE ESCRIT�RIO"
6,"MAT-CO-10003965,MATERIAL DE ESCRIT�RIO"
6,"MAT-ET-10001234,MATERIAL DE ESCRIT�RIO"
6,"MAT-AR-10002484,MATERIAL DE ESCRIT�RIO"
6,"M�V-ME-10000016,M�VEIS"
6,"MAT-EN-10003609,MATERIAL DE ESCRIT�RIO"
6,"MAT-PA-10003261,MATERIAL DE ESCRIT�RIO"
6,"TEC-TE-10000705,TECNOLOGIA"
6,"M�V-ME-10000654,M�VEIS"
6,"MAT-MA-10002650,MATERIAL DE ESCRIT�RIO"
6,"MAT-EN-10003876,MATERIAL DE ESCRIT�RIO"
6,"M�V-ME-10004571,M�VEIS"
6,"TEC-M�-10002216,TECNOLOGIA"
6,"MAT-ET-10002057,MATERIAL DE ESCRIT�RIO"
6,"M�V-ME-10000476,M�VEIS"
5,"MAT-AC-10000237,MATERIAL DE ESCRIT�RIO"
5,"TEC-TE-10004096,TECNOLOGIA"
5,"MAT-FI-10002665,MATERIAL DE ESCRIT�RIO"
5,"M�V-CA-10003670,M�VEIS"
5,"MAT-AC-10003379,MATERIAL DE ESCRIT�RIO"
5,"M�V-M�-10002107,M�VEIS"
5,"M�V-ES-10000936,M�VEIS"
5,"MAT-AC-10000660,MATERIAL DE ESCRIT�RIO"
5,"M�V-ME-10003373,M�VEIS"
5,"MAT-EN-10000957,MATERIAL DE ESCRIT�RIO"
5,"MAT-CO-10003694,MATERIAL DE ESCRIT�RIO"
5,"MAT-AR-10002276,MATERIAL DE ESCRIT�RIO"
5,"M�V-ME-10000211,M�VEIS"
5,"MAT-CO-10003184,MATERIAL DE ESCRIT�RIO"
5,"MAT-AC-10000747,MATERIAL DE ESCRIT�RIO"
5,"TEC-AC-10001906,TECNOLOGIA"
5,"M�V-CA-10003784,M�VEIS"
5,"MAT-PA-10004841,MATERIAL DE ESCRIT�RIO"
5,"M�V-ES-10002107,M�VEIS"
5,"MAT-FI-10001099,MATERIAL DE ESCRIT�RIO"
5,"MAT-EN-10001084,MATERIAL DE ESCRIT�RIO"
5,"MAT-AC-10004299,MATERIAL DE ESCRIT�RIO"
5,"TEC-AC-10001441,TECNOLOGIA"
5,"TEC-M�-10002147,TECNOLOGIA"
5,"TEC-TE-10003794,TECNOLOGIA"
5,"M�V-ME-10001335,M�VEIS"
5,"MAT-EN-10001501,MATERIAL DE ESCRIT�RIO"
5,"M�V-ME-10003409,M�VEIS"
5,"M�V-ES-10000664,M�VEIS"
5,"MAT-CO-10001412,MATERIAL DE ESCRIT�RIO"
5,"TEC-TE-10000810,TECNOLOGIA"
5,"M�V-CA-10003805,M�VEIS"
5,"M�V-ES-10002930,M�VEIS"
5,"MAT-AR-10002186,MATERIAL DE ESCRIT�RIO"
5,"TEC-M�-10001999,TECNOLOGIA"
5,"MAT-MA-10004912,MATERIAL DE ESCRIT�RIO"
5,"MAT-AC-10003041,MATERIAL DE ESCRIT�RIO"
5,"MAT-AC-10000332,MATERIAL DE ESCRIT�RIO"
5,"MAT-AR-10000155,MATERIAL DE ESCRIT�RIO"
5,"TEC-TE-10002009,TECNOLOGIA"
5,"MAT-AC-10004361,MATERIAL DE ESCRIT�RIO"
5,"TEC-CO-10000790,TECNOLOGIA"
5,"MAT-AC-10001395,MATERIAL DE ESCRIT�RIO"
5,"MAT-EN-10000492,MATERIAL DE ESCRIT�RIO"
5,"MAT-MA-10001290,MATERIAL DE ESCRIT�RIO"
5,"M�V-ES-10002901,M�VEIS"
5,"MAT-FI-10003303,MATERIAL DE ESCRIT�RIO"
5,"MAT-AC-10000028,MATERIAL DE ESCRIT�RIO"
5,"MAT-EN-10001567,MATERIAL DE ESCRIT�RIO"
5,"TEC-CO-10001933,TECNOLOGIA"
5,"M�V-ES-10003467,M�VEIS"
5,"MAT-MA-10003914,MATERIAL DE ESCRIT�RIO"
5,"MAT-CO-10002427,MATERIAL DE ESCRIT�RIO"
5,"MAT-AR-10002123,MATERIAL DE ESCRIT�RIO"
5,"MAT-PA-10004495,MATERIAL DE ESCRIT�RIO"
5,"MAT-FI-10003324,MATERIAL DE ESCRIT�RIO"
5,"M�V-ME-10004838,M�VEIS"
5,"MAT-AC-10003561,MATERIAL DE ESCRIT�RIO"
5,"MAT-FI-10003319,MATERIAL DE ESCRIT�RIO"
5,"M�V-M�-10004443,M�VEIS"
5,"TEC-TE-10002310,TECNOLOGIA"
5,"TEC-CO-10004555,TECNOLOGIA"
5,"M�V-CA-10000643,M�VEIS"
5,"MAT-EN-10003920,MATERIAL DE ESCRIT�RIO"
5,"MAT-AC-10000414,MATERIAL DE ESCRIT�RIO"
5,"MAT-CO-10003068,MATERIAL DE ESCRIT�RIO"
5,"TEC-M�-10004948,TECNOLOGIA"
5,"TEC-CO-10004672,TECNOLOGIA"
5,"TEC-M�-10000586,TECNOLOGIA"
5,"TEC-M�-10004359,TECNOLOGIA"
5,"MAT-MA-10000641,MATERIAL DE ESCRIT�RIO"
5,"M�V-ME-10000977,M�VEIS"
5,"MAT-AR-10003005,MATERIAL DE ESCRIT�RIO"
5,"TEC-TE-10002332,TECNOLOGIA"
5,"TEC-M�-10003552,TECNOLOGIA"
5,"TEC-CO-10004540,TECNOLOGIA"
5,"M�V-ES-10003729,M�VEIS"
5,"MAT-AR-10002327,MATERIAL DE ESCRIT�RIO"
5,"TEC-TE-10003094,TECNOLOGIA"
5,"M�V-ME-10000269,M�VEIS"
5,"MAT-AC-10000490,MATERIAL DE ESCRIT�RIO"
5,"MAT-AR-10003353,MATERIAL DE ESCRIT�RIO"
5,"MAT-AC-10000883,MATERIAL DE ESCRIT�RIO"
5,"M�V-ME-10001851,M�VEIS"
5,"M�V-ME-10002836,M�VEIS"
5,"MAT-AC-10004810,MATERIAL DE ESCRIT�RIO"
5,"M�V-M�-10004094,M�VEIS"
5,"M�V-ME-10002252,M�VEIS"
5,"MAT-AR-10000783,MATERIAL DE ESCRIT�RIO"
5,"M�V-ME-10003349,M�VEIS"
5,"MAT-AC-10004920,MATERIAL DE ESCRIT�RIO"
5,"M�V-ME-10003040,M�VEIS"
5,"MAT-AC-10000904,MATERIAL DE ESCRIT�RIO"
5,"MAT-CO-10004825,MATERIAL DE ESCRIT�RIO"
5,"TEC-M�-10004537,TECNOLOGIA"
5,"M�V-ME-10000647,M�VEIS"
5,"MAT-PA-10000033,MATERIAL DE ESCRIT�RIO"
5,"MAT-ET-10001074,MATERIAL DE ESCRIT�RIO"
5,"TEC-TE-10002484,TECNOLOGIA"
5,"MAT-AR-10001034,MATERIAL DE ESCRIT�RIO"
5,"MAT-AC-10000168,MATERIAL DE ESCRIT�RIO"
5,"TEC-TE-10004987,TECNOLOGIA"
4,"MAT-MA-10002550,MATERIAL DE ESCRIT�RIO"
4,"TEC-CO-10003821,TECNOLOGIA"
4,"MAT-PA-10002564,MATERIAL DE ESCRIT�RIO"
4,"TEC-M�-10004954,TECNOLOGIA"
4,"MAT-AR-10004964,MATERIAL DE ESCRIT�RIO"
4,"MAT-PA-10004544,MATERIAL DE ESCRIT�RIO"
4,"M�V-M�-10003980,M�VEIS"
4,"MAT-AR-10002072,MATERIAL DE ESCRIT�RIO"
4,"MAT-AR-10003532,MATERIAL DE ESCRIT�RIO"
4,"TEC-TE-10004793,TECNOLOGIA"
4,"MAT-ET-10000935,MATERIAL DE ESCRIT�RIO"
4,"MAT-CO-10004202,MATERIAL DE ESCRIT�RIO"
4,"M�V-ME-10003522,M�VEIS"
4,"MAT-AR-10001387,MATERIAL DE ESCRIT�RIO"
4,"MAT-AR-10002849,MATERIAL DE ESCRIT�RIO"
4,"M�V-M�-10001948,M�VEIS"
4,"TEC-M�-10004356,TECNOLOGIA"
4,"MAT-CO-10004592,MATERIAL DE ESCRIT�RIO"
4,"M�V-ES-10000008,M�VEIS"
4,"M�V-ME-10003832,M�VEIS"
4,"M�V-ME-10000268,M�VEIS"
4,"MAT-FI-10000939,MATERIAL DE ESCRIT�RIO"
4,"M�V-ME-10003247,M�VEIS"
4,"M�V-ME-10003357,M�VEIS"
4,"M�V-CA-10004639,M�VEIS"
4,"TEC-AC-10004064,TECNOLOGIA"
4,"MAT-AC-10000765,MATERIAL DE ESCRIT�RIO"
4,"M�V-ES-10002499,M�VEIS"
4,"TEC-M�-10000118,TECNOLOGIA"
4,"MAT-AC-10002530,MATERIAL DE ESCRIT�RIO"
4,"TEC-TE-10002189,TECNOLOGIA"
4,"TEC-M�-10004951,TECNOLOGIA"
4,"MAT-MA-10000357,MATERIAL DE ESCRIT�RIO"
4,"MAT-PA-10002327,MATERIAL DE ESCRIT�RIO"
4,"M�V-ME-10004157,M�VEIS"
4,"M�V-ES-10003224,M�VEIS"
4,"TEC-CO-10002397,TECNOLOGIA"
4,"M�V-CA-10004663,M�VEIS"
4,"M�V-ME-10002382,M�VEIS"
4,"M�V-ES-10002500,M�VEIS"
4,"M�V-ME-10004706,M�VEIS"
4,"MAT-MA-10004744,MATERIAL DE ESCRIT�RIO"
4,"MAT-AR-10001128,MATERIAL DE ESCRIT�RIO"
4,"TEC-M�-10000304,TECNOLOGIA"
4,"TEC-CO-10004038,TECNOLOGIA"
4,"MAT-EN-10002583,MATERIAL DE ESCRIT�RIO"
4,"TEC-M�-10003116,TECNOLOGIA"
4,"MAT-ET-10000675,MATERIAL DE ESCRIT�RIO"
4,"MAT-AR-10004019,MATERIAL DE ESCRIT�RIO"
4,"MAT-ET-10000808,MATERIAL DE ESCRIT�RIO"
4,"TEC-TE-10000628,TECNOLOGIA"
4,"M�V-ME-10000951,M�VEIS"
4,"TEC-M�-10003754,TECNOLOGIA"
4,"MAT-MA-10004197,MATERIAL DE ESCRIT�RIO"
4,"M�V-ES-10002801,M�VEIS"
4,"MAT-AR-10000176,MATERIAL DE ESCRIT�RIO"
4,"TEC-M�-10002139,TECNOLOGIA"
4,"M�V-ME-10004432,M�VEIS"
4,"M�V-ES-10003949,M�VEIS"
4,"TEC-M�-10004847,TECNOLOGIA"
4,"MAT-AC-10004452,MATERIAL DE ESCRIT�RIO"
4,"TEC-TE-10002473,TECNOLOGIA"
4,"TEC-M�-10000856,TECNOLOGIA"
4,"M�V-ME-10002320,M�VEIS"
4,"MAT-ET-10001405,MATERIAL DE ESCRIT�RIO"
4,"MAT-ET-10001733,MATERIAL DE ESCRIT�RIO"
3,"M�V-M�-10004398,M�VEIS"
3,"M�V-M�-10001463,M�VEIS"
3,"TEC-TE-10002027,TECNOLOGIA"
3,"MAT-CO-10003632,MATERIAL DE ESCRIT�RIO"
3,"MAT-FI-10003992,MATERIAL DE ESCRIT�RIO"
3,"MAT-AC-10003595,MATERIAL DE ESCRIT�RIO"
3,"TEC-CO-10001537,TECNOLOGIA"
3,"MAT-ET-10000384,MATERIAL DE ESCRIT�RIO"
3,"M�V-M�-10001012,M�VEIS"
3,"M�V-ME-10002716,M�VEIS"
3,"TEC-M�-10003308,TECNOLOGIA"
3,"MAT-ET-10003909,MATERIAL DE ESCRIT�RIO"
3,"MAT-AR-10002159,MATERIAL DE ESCRIT�RIO"
3,"M�V-CA-10002033,M�VEIS"
3,"M�V-ME-10002394,M�VEIS"
3,"MAT-CO-10002295,MATERIAL DE ESCRIT�RIO"
3,"M�V-ME-10000857,M�VEIS"
3,"TEC-AC-10000435,TECNOLOGIA"
3,"M�V-ES-10002057,M�VEIS"
3,"TEC-M�-10002989,TECNOLOGIA"
3,"MAT-EN-10001954,MATERIAL DE ESCRIT�RIO"
3,"M�V-ES-10000556,M�VEIS"
3,"TEC-CO-10004499,TECNOLOGIA"
3,"M�V-CA-10003560,M�VEIS"
3,"TEC-CO-10001292,TECNOLOGIA"
3,"M�V-ME-10000462,M�VEIS"
3,"TEC-M�-10004275,TECNOLOGIA"
3,"M�V-CA-10000806,M�VEIS"
3,"M�V-ES-10003708,M�VEIS"
3,"MAT-EN-10002850,MATERIAL DE ESCRIT�RIO"
3,"TEC-AC-10004084,TECNOLOGIA"
3,"M�V-ME-10000604,M�VEIS"
3,"M�V-ME-10002404,M�VEIS"
3,"MAT-CO-10001175,MATERIAL DE ESCRIT�RIO"
3,"TEC-M�-10000556,TECNOLOGIA"
3,"MAT-PA-10003776,MATERIAL DE ESCRIT�RIO"
3,"MAT-AC-10004992,MATERIAL DE ESCRIT�RIO"
3,"M�V-M�-10002541,M�VEIS"
3,"TEC-AC-10000853,TECNOLOGIA"
3,"TEC-TE-10003859,TECNOLOGIA"
3,"MAT-AC-10002648,MATERIAL DE ESCRIT�RIO"
3,"TEC-AC-10002226,TECNOLOGIA"
3,"MAT-PA-10000076,MATERIAL DE ESCRIT�RIO"
3,"MAT-AC-10003894,MATERIAL DE ESCRIT�RIO"
3,"MAT-AC-10001308,MATERIAL DE ESCRIT�RIO"
3,"M�V-M�-10000202,M�VEIS"
3,"MAT-AC-10002103,MATERIAL DE ESCRIT�RIO"
3,"TEC-AC-10004213,TECNOLOGIA"
3,"MAT-CO-10000633,MATERIAL DE ESCRIT�RIO"
3,"M�V-ES-10004062,M�VEIS"
3,"TEC-CO-10002381,TECNOLOGIA"
3,"TEC-M�-10004560,TECNOLOGIA"
3,"M�V-ME-10001673,M�VEIS"
3,"TEC-TE-10001535,TECNOLOGIA"
3,"MAT-AC-10003475,MATERIAL DE ESCRIT�RIO"
3,"MAT-CO-10004243,MATERIAL DE ESCRIT�RIO"
3,"MAT-EN-10000606,MATERIAL DE ESCRIT�RIO"
3,"TEC-AC-10004658,TECNOLOGIA"
3,"TEC-M�-10002605,TECNOLOGIA"
3,"M�V-CA-10001583,M�VEIS"
3,"M�V-CA-10001798,M�VEIS"
3,"MAT-AR-10001098,MATERIAL DE ESCRIT�RIO"
3,"M�V-ME-10004436,M�VEIS"
3,"M�V-CA-10001473,M�VEIS"
3,"TEC-AC-10000319,TECNOLOGIA"
3,"M�V-ME-10003943,M�VEIS"
3,"M�V-ME-10004928,M�VEIS"
3,"MAT-AC-10003200,MATERIAL DE ESCRIT�RIO"
3,"TEC-AC-10004676,TECNOLOGIA"
3,"MAT-CO-10001901,MATERIAL DE ESCRIT�RIO"
3,"MAT-ET-10002903,MATERIAL DE ESCRIT�RIO"
3,"TEC-AC-10002843,TECNOLOGIA"
3,"MAT-AC-10003019,MATERIAL DE ESCRIT�RIO"
3,"TEC-M�-10004683,TECNOLOGIA"
3,"MAT-EN-10003164,MATERIAL DE ESCRIT�RIO"
3,"TEC-CO-10000946,TECNOLOGIA"
3,"TEC-M�-10004661,TECNOLOGIA"
3,"MAT-ET-10004237,MATERIAL DE ESCRIT�RIO"
3,"MAT-AC-10003756,MATERIAL DE ESCRIT�RIO"
3,"M�V-M�-10003998,M�VEIS"
3,"MAT-ET-10000644,MATERIAL DE ESCRIT�RIO"
3,"TEC-M�-10003402,TECNOLOGIA"
3,"M�V-CA-10000054,M�VEIS"
3,"TEC-M�-10004494,TECNOLOGIA"
3,"M�V-CA-10004481,M�VEIS"
3,"MAT-FI-10000950,MATERIAL DE ESCRIT�RIO"
3,"M�V-ME-10002119,M�VEIS"
3,"M�V-CA-10003677,M�VEIS"
3,"MAT-MA-10002111,MATERIAL DE ESCRIT�RIO"
3,"TEC-TE-10002792,TECNOLOGIA"
3,"MAT-PA-10004044,MATERIAL DE ESCRIT�RIO"
3,"MAT-FI-10002026,MATERIAL DE ESCRIT�RIO"
3,"MAT-EN-10003658,MATERIAL DE ESCRIT�RIO"
3,"M�V-ME-10002542,M�VEIS"
3,"M�V-ES-10002607,M�VEIS"
3,"MAT-EN-10004251,MATERIAL DE ESCRIT�RIO"
3,"M�V-M�-10004643,M�VEIS"
3,"M�V-ES-10001620,M�VEIS"
3,"MAT-AC-10004421,MATERIAL DE ESCRIT�RIO"
3,"MAT-PA-10001605,MATERIAL DE ESCRIT�RIO"
3,"MAT-AR-10004882,MATERIAL DE ESCRIT�RIO"
3,"MAT-FI-10000419,MATERIAL DE ESCRIT�RIO"
3,"MAT-FI-10000824,MATERIAL DE ESCRIT�RIO"
2,"MAT-FI-10000823,MATERIAL DE ESCRIT�RIO"
2,"MAT-FI-10000258,MATERIAL DE ESCRIT�RIO"
2,"MAT-AC-10004574,MATERIAL DE ESCRIT�RIO"
2,"TEC-M�-10003568,TECNOLOGIA"
2,"TEC-M�-10000198,TECNOLOGIA"
2,"MAT-AR-10000904,MATERIAL DE ESCRIT�RIO"
2,"MAT-CO-10002480,MATERIAL DE ESCRIT�RIO"
2,"M�V-ES-10003250,M�VEIS"
2,"MAT-AR-10000379,MATERIAL DE ESCRIT�RIO"
2,"TEC-AC-10004358,TECNOLOGIA"
2,"MAT-CO-10002923,MATERIAL DE ESCRIT�RIO"
2,"M�V-ME-10002563,M�VEIS"
2,"MAT-AC-10000039,MATERIAL DE ESCRIT�RIO"
2,"MAT-MA-10003625,MATERIAL DE ESCRIT�RIO"
2,"TEC-TE-10001978,TECNOLOGIA"
2,"TEC-AC-10000734,TECNOLOGIA"
2,"MAT-MA-10004271,MATERIAL DE ESCRIT�RIO"
2,"TEC-CO-10002994,TECNOLOGIA"
2,"M�V-M�-10002862,M�VEIS"
2,"TEC-M�-10004541,TECNOLOGIA"
2,"MAT-AR-10003608,MATERIAL DE ESCRIT�RIO"
2,"TEC-M�-10001544,TECNOLOGIA"
2,"TEC-M�-10001780,TECNOLOGIA"
2,"MAT-AR-10004289,MATERIAL DE ESCRIT�RIO"
2,"TEC-CO-10004853,TECNOLOGIA"
2,"MAT-FI-10001985,MATERIAL DE ESCRIT�RIO"
2,"MAT-AR-10001202,MATERIAL DE ESCRIT�RIO"
2,"M�V-ME-10003195,M�VEIS"
2,"TEC-AC-10004774,TECNOLOGIA"
2,"TEC-TE-10002177,TECNOLOGIA"
2,"M�V-ME-10001414,M�VEIS"
2,"MAT-CO-10002163,MATERIAL DE ESCRIT�RIO"
2,"M�V-ME-10002011,M�VEIS"
2,"MAT-PA-10001420,MATERIAL DE ESCRIT�RIO"
2,"MAT-ET-10001956,MATERIAL DE ESCRIT�RIO"
2,"MAT-AC-10002480,MATERIAL DE ESCRIT�RIO"
2,"M�V-M�-10003797,M�VEIS"
2,"MAT-PA-10000339,MATERIAL DE ESCRIT�RIO"
2,"MAT-EN-10004867,MATERIAL DE ESCRIT�RIO"
2,"MAT-FI-10001068,MATERIAL DE ESCRIT�RIO"
2,"M�V-ME-10001285,M�VEIS"
2,"M�V-CA-10002389,M�VEIS"
2,"MAT-EN-10001895,MATERIAL DE ESCRIT�RIO"
2,"TEC-M�-10002851,TECNOLOGIA"
2,"M�V-ME-10004736,M�VEIS"
2,"MAT-MA-10004198,MATERIAL DE ESCRIT�RIO"
2,"M�V-ME-10001403,M�VEIS"
2,"MAT-AC-10004329,MATERIAL DE ESCRIT�RIO"
2,"MAT-EN-10000409,MATERIAL DE ESCRIT�RIO"
2,"TEC-M�-10001951,TECNOLOGIA"
2,"MAT-AC-10004868,MATERIAL DE ESCRIT�RIO"
2,"M�V-ME-10001830,M�VEIS"
2,"TEC-AC-10003553,TECNOLOGIA"
2,"M�V-ME-10001135,M�VEIS"
2,"M�V-CA-10003802,M�VEIS"
2,"MAT-AC-10004012,MATERIAL DE ESCRIT�RIO"
2,"MAT-AR-10003885,MATERIAL DE ESCRIT�RIO"
2,"M�V-ME-10001165,M�VEIS"
2,"M�V-ME-10000799,M�VEIS"
2,"M�V-ES-10003288,M�VEIS"
2,"MAT-AC-10001097,MATERIAL DE ESCRIT�RIO"
2,"MAT-EN-10000534,MATERIAL DE ESCRIT�RIO"
2,"TEC-CO-10001987,TECNOLOGIA"
2,"TEC-M�-10000081,TECNOLOGIA"
2,"M�V-ES-10002924,M�VEIS"
2,"TEC-TE-10001869,TECNOLOGIA"
2,"TEC-AC-10000847,TECNOLOGIA"
2,"MAT-AC-10001024,MATERIAL DE ESCRIT�RIO"
2,"MAT-AR-10002721,MATERIAL DE ESCRIT�RIO"
2,"M�V-ME-10000670,M�VEIS"
2,"M�V-CA-10002210,M�VEIS"
2,"TEC-TE-10002699,TECNOLOGIA"
2,"MAT-PA-10001661,MATERIAL DE ESCRIT�RIO"
2,"M�V-CA-10000234,M�VEIS"
2,"MAT-PA-10000558,MATERIAL DE ESCRIT�RIO"
2,"TEC-M�-10002661,TECNOLOGIA"
2,"TEC-CO-10004700,TECNOLOGIA"
2,"TEC-M�-10003749,TECNOLOGIA"
2,"M�V-ME-10003329,M�VEIS"
2,"MAT-AC-10002496,MATERIAL DE ESCRIT�RIO"
2,"TEC-M�-10003703,TECNOLOGIA"
2,"MAT-AR-10002266,MATERIAL DE ESCRIT�RIO"
2,"MAT-FI-10003199,MATERIAL DE ESCRIT�RIO"
2,"MAT-ET-10001564,MATERIAL DE ESCRIT�RIO"
1,"M�V-ME-10002143,M�VEIS"
1,"MAT-AC-10001078,MATERIAL DE ESCRIT�RIO"
1,"MAT-PA-10003541,MATERIAL DE ESCRIT�RIO"
1,"MAT-PA-10000595,MATERIAL DE ESCRIT�RIO"
1,"MAT-PA-10001648,MATERIAL DE ESCRIT�RIO"
1,"M�V-ME-10004442,M�VEIS"
1,"M�V-ME-10000585,M�VEIS"
1,"M�V-CA-10004691,M�VEIS"
1,"M�V-ME-10003331,M�VEIS"
1,"TEC-M�-10001856,TECNOLOGIA"
1,"TEC-M�-10002804,TECNOLOGIA"
1,"M�V-ME-10001014,M�VEIS"
1,"MAT-AC-10002462,MATERIAL DE ESCRIT�RIO"
1,"MAT-FI-10003125,MATERIAL DE ESCRIT�RIO"
1,"MAT-ET-10000587,MATERIAL DE ESCRIT�RIO"
1,"MAT-CO-10002335,MATERIAL DE ESCRIT�RIO"
1,"TEC-AC-10004003,TECNOLOGIA"
1,"MAT-AR-10003470,MATERIAL DE ESCRIT�RIO"
1,"M�V-CA-10001846,M�VEIS"
1,"MAT-PA-10004600,MATERIAL DE ESCRIT�RIO"
1,"MAT-MA-10000335,MATERIAL DE ESCRIT�RIO"
1,"TEC-AC-10002308,TECNOLOGIA"
1,"MAT-AC-10001657,MATERIAL DE ESCRIT�RIO"
1,"TEC-AC-10001992,TECNOLOGIA"
1,"MAT-EN-10002330,MATERIAL DE ESCRIT�RIO"
1,"MAT-FI-10002260,MATERIAL DE ESCRIT�RIO"
